municipality,department,latitude,longitude,epidemiological_week,year,cases,temperature,precipitation,humidity,data_source
Pasto,Nariño,1.2136,-77.2811,1,2023,6,8.6,131.7,79.8,DATOS SINTÉTICOS DE PRUEBA
Pasto,Nariño,1.2136,-77.2811,2,2023,8,8.8,92.5,85.1,DATOS SINTÉTICOS DE PRUEBA
Pasto,Nariño,1.2136,-77.2811,3,2023,9,9.0,146.0,84.8,DATOS SINTÉTICOS DE PRUEBA
Pasto,Nariño,1.2136,-77.2811,4,2023,11,9.2,141.7,84.6,DATOS SINTÉTICOS DE PRUEBA
Pasto,Nariño,1.2136,-77.2811,5,2023,11,9.4,159.5,75.4,DATOS SINTÉTICOS DE PRUEBA
Pasto,Nariño,1.2136,-77.2811,6,2023,10,9.6,139.2,93.7,DATOS SINTÉTICOS DE PRUEBA
Pasto,Nariño,1.2136,-77.2811,7,2023,10,9.7,176.0,75.3,DATOS SINTÉTICOS DE PRUEBA
Pasto,Nariño,1.2136,-77.2811,8,2023,11,9.9,128.8,82.8,DATOS SINTÉTICOS DE PRUEBA
Pasto,Nariño,1.2136,-77.2811,9,2023,14,10.0,138.9,85.2,DATOS SINTÉTICOS DE PRUEBA
Pasto,Nariño,1.2136,-77.2811,10,2023,13,10.1,166.1,81.1,DATOS SINTÉTICOS DE PRUEBA
Pasto,Nariño,1.2136,-77.2811,11,2023,12,10.1,155.8,82.8,DATOS SINTÉTICOS DE PRUEBA
Pasto,Nariño,1.2136,-77.2811,12,2023,13,10.2,165.4,81.5,DATOS SINTÉTICOS DE PRUEBA
Pasto,Nariño,1.2136,-77.2811,13,2023,14,10.2,154.2,77.5,DATOS SINTÉTICOS DE PRUEBA
Pasto,Nariño,1.2136,-77.2811,14,2023,12,10.2,155.5,83.9,DATOS SINTÉTICOS DE PRUEBA
Pasto,Nariño,1.2136,-77.2811,15,2023,15,10.1,100.9,84.5,DATOS SINTÉTICOS DE PRUEBA
Pasto,Nariño,1.2136,-77.2811,16,2023,10,10.1,135.5,72.1,DATOS SINTÉTICOS DE PRUEBA
Pasto,Nariño,1.2136,-77.2811,17,2023,16,10.0,115.8,90.7,DATOS SINTÉTICOS DE PRUEBA
Pasto,Nariño,1.2136,-77.2811,18,2023,14,9.9,140.7,84.3,DATOS SINTÉTICOS DE PRUEBA
Pasto,Nariño,1.2136,-77.2811,19,2023,17,9.7,119.0,77.4,DATOS SINTÉTICOS DE PRUEBA
Pasto,Nariño,1.2136,-77.2811,20,2023,13,9.6,96.7,82.2,DATOS SINTÉTICOS DE PRUEBA
Pasto,Nariño,1.2136,-77.2811,21,2023,15,9.4,102.0,82.6,DATOS SINTÉTICOS DE PRUEBA
Pasto,Nariño,1.2136,-77.2811,22,2023,17,9.2,68.2,79.8,DATOS SINTÉTICOS DE PRUEBA
Pasto,Nariño,1.2136,-77.2811,23,2023,16,9.0,74.2,86.2,DATOS SINTÉTICOS DE PRUEBA
Pasto,Nariño,1.2136,-77.2811,24,2023,14,8.8,76.3,81.2,DATOS SINTÉTICOS DE PRUEBA
Pasto,Nariño,1.2136,-77.2811,25,2023,15,8.6,74.4,88.1,DATOS SINTÉTICOS DE PRUEBA
Pasto,Nariño,1.2136,-77.2811,26,2023,14,8.4,96.0,86.4,DATOS SINTÉTICOS DE PRUEBA
Pasto,Nariño,1.2136,-77.2811,27,2023,14,8.2,93.9,89.4,DATOS SINTÉTICOS DE PRUEBA
Pasto,Nariño,1.2136,-77.2811,28,2023,15,8.0,79.6,75.1,DATOS SINTÉTICOS DE PRUEBA
Pasto,Nariño,1.2136,-77.2811,29,2023,15,7.8,79.2,89.4,DATOS SINTÉTICOS DE PRUEBA
Pasto,Nariño,1.2136,-77.2811,30,2023,13,7.6,59.1,86.9,DATOS SINTÉTICOS DE PRUEBA
Pasto,Nariño,1.2136,-77.2811,31,2023,13,7.4,63.3,70.4,DATOS SINTÉTICOS DE PRUEBA
Pasto,Nariño,1.2136,-77.2811,32,2023,14,7.2,19.6,75.4,DATOS SINTÉTICOS DE PRUEBA
Pasto,Nariño,1.2136,-77.2811,33,2023,12,7.1,37.7,82.0,DATOS SINTÉTICOS DE PRUEBA
Pasto,Nariño,1.2136,-77.2811,34,2023,9,6.9,26.0,89.3,DATOS SINTÉTICOS DE PRUEBA
Pasto,Nariño,1.2136,-77.2811,35,2023,12,6.8,25.9,84.9,DATOS SINTÉTICOS DE PRUEBA
Pasto,Nariño,1.2136,-77.2811,36,2023,12,6.7,59.6,80.6,DATOS SINTÉTICOS DE PRUEBA
Pasto,Nariño,1.2136,-77.2811,37,2023,15,6.7,50.1,83.4,DATOS SINTÉTICOS DE PRUEBA
Pasto,Nariño,1.2136,-77.2811,38,2023,9,6.6,31.5,86.2,DATOS SINTÉTICOS DE PRUEBA
Pasto,Nariño,1.2136,-77.2811,39,2023,10,6.6,68.4,75.0,DATOS SINTÉTICOS DE PRUEBA
Pasto,Nariño,1.2136,-77.2811,40,2023,11,6.6,70.1,82.4,DATOS SINTÉTICOS DE PRUEBA
Pasto,Nariño,1.2136,-77.2811,41,2023,10,6.7,74.7,89.1,DATOS SINTÉTICOS DE PRUEBA
Pasto,Nariño,1.2136,-77.2811,42,2023,11,6.7,91.7,86.0,DATOS SINTÉTICOS DE PRUEBA
Pasto,Nariño,1.2136,-77.2811,43,2023,9,6.8,73.5,88.0,DATOS SINTÉTICOS DE PRUEBA
Pasto,Nariño,1.2136,-77.2811,44,2023,8,6.9,53.6,79.7,DATOS SINTÉTICOS DE PRUEBA
Pasto,Nariño,1.2136,-77.2811,45,2023,6,7.1,77.5,85.1,DATOS SINTÉTICOS DE PRUEBA
Pasto,Nariño,1.2136,-77.2811,46,2023,10,7.2,57.9,73.0,DATOS SINTÉTICOS DE PRUEBA
Pasto,Nariño,1.2136,-77.2811,47,2023,10,7.4,106.0,86.7,DATOS SINTÉTICOS DE PRUEBA
Pasto,Nariño,1.2136,-77.2811,48,2023,9,7.6,68.3,82.8,DATOS SINTÉTICOS DE PRUEBA
Pasto,Nariño,1.2136,-77.2811,49,2023,8,7.8,75.0,86.7,DATOS SINTÉTICOS DE PRUEBA
Pasto,Nariño,1.2136,-77.2811,50,2023,7,8.0,129.4,77.6,DATOS SINTÉTICOS DE PRUEBA
Pasto,Nariño,1.2136,-77.2811,51,2023,10,8.2,130.9,84.7,DATOS SINTÉTICOS DE PRUEBA
Pasto,Nariño,1.2136,-77.2811,52,2023,9,8.4,138.6,74.9,DATOS SINTÉTICOS DE PRUEBA
Pasto,Nariño,1.2136,-77.2811,1,2024,7,8.6,112.5,84.3,DATOS SINTÉTICOS DE PRUEBA
Pasto,Nariño,1.2136,-77.2811,2,2024,11,8.8,141.1,83.3,DATOS SINTÉTICOS DE PRUEBA
Pasto,Nariño,1.2136,-77.2811,3,2024,9,9.0,151.9,77.8,DATOS SINTÉTICOS DE PRUEBA
Pasto,Nariño,1.2136,-77.2811,4,2024,8,9.2,149.3,78.5,DATOS SINTÉTICOS DE PRUEBA
Pasto,Nariño,1.2136,-77.2811,5,2024,9,9.4,144.5,84.1,DATOS SINTÉTICOS DE PRUEBA
Pasto,Nariño,1.2136,-77.2811,6,2024,11,9.6,133.3,81.7,DATOS SINTÉTICOS DE PRUEBA
Pasto,Nariño,1.2136,-77.2811,7,2024,13,9.7,136.9,83.4,DATOS SINTÉTICOS DE PRUEBA
Pasto,Nariño,1.2136,-77.2811,8,2024,10,9.9,148.0,84.5,DATOS SINTÉTICOS DE PRUEBA
Pasto,Nariño,1.2136,-77.2811,9,2024,11,10.0,161.0,81.7,DATOS SINTÉTICOS DE PRUEBA
Pasto,Nariño,1.2136,-77.2811,10,2024,12,10.1,164.8,88.1,DATOS SINTÉTICOS DE PRUEBA
Pasto,Nariño,1.2136,-77.2811,11,2024,11,10.1,137.0,83.3,DATOS SINTÉTICOS DE PRUEBA
Pasto,Nariño,1.2136,-77.2811,12,2024,18,10.2,162.8,89.2,DATOS SINTÉTICOS DE PRUEBA
Pasto,Nariño,1.2136,-77.2811,13,2024,11,10.2,144.7,89.3,DATOS SINTÉTICOS DE PRUEBA
Pasto,Nariño,1.2136,-77.2811,14,2024,16,10.2,146.7,83.0,DATOS SINTÉTICOS DE PRUEBA
Pasto,Nariño,1.2136,-77.2811,15,2024,14,10.1,160.0,84.9,DATOS SINTÉTICOS DE PRUEBA
Pasto,Nariño,1.2136,-77.2811,16,2024,15,10.1,155.2,94.9,DATOS SINTÉTICOS DE PRUEBA
Pasto,Nariño,1.2136,-77.2811,17,2024,13,10.0,122.1,80.0,DATOS SINTÉTICOS DE PRUEBA
Pasto,Nariño,1.2136,-77.2811,18,2024,15,9.9,117.1,73.1,DATOS SINTÉTICOS DE PRUEBA
Pasto,Nariño,1.2136,-77.2811,19,2024,16,9.7,108.0,74.9,DATOS SINTÉTICOS DE PRUEBA
Pasto,Nariño,1.2136,-77.2811,20,2024,13,9.6,91.8,76.5,DATOS SINTÉTICOS DE PRUEBA
Pasto,Nariño,1.2136,-77.2811,21,2024,14,9.4,127.8,83.5,DATOS SINTÉTICOS DE PRUEBA
Pasto,Nariño,1.2136,-77.2811,22,2024,14,9.2,127.3,79.6,DATOS SINTÉTICOS DE PRUEBA
Pasto,Nariño,1.2136,-77.2811,23,2024,14,9.0,78.1,81.1,DATOS SINTÉTICOS DE PRUEBA
Pasto,Nariño,1.2136,-77.2811,24,2024,16,8.8,59.3,79.0,DATOS SINTÉTICOS DE PRUEBA
Pasto,Nariño,1.2136,-77.2811,25,2024,18,8.6,61.7,83.2,DATOS SINTÉTICOS DE PRUEBA
Pasto,Nariño,1.2136,-77.2811,26,2024,15,8.4,74.3,81.1,DATOS SINTÉTICOS DE PRUEBA
Pasto,Nariño,1.2136,-77.2811,27,2024,14,8.2,72.1,82.6,DATOS SINTÉTICOS DE PRUEBA
Pasto,Nariño,1.2136,-77.2811,28,2024,16,8.0,107.3,80.7,DATOS SINTÉTICOS DE PRUEBA
Pasto,Nariño,1.2136,-77.2811,29,2024,17,7.8,88.6,83.0,DATOS SINTÉTICOS DE PRUEBA
Pasto,Nariño,1.2136,-77.2811,30,2024,12,7.6,57.9,76.0,DATOS SINTÉTICOS DE PRUEBA
Pasto,Nariño,1.2136,-77.2811,31,2024,14,7.4,36.5,85.1,DATOS SINTÉTICOS DE PRUEBA
Pasto,Nariño,1.2136,-77.2811,32,2024,14,7.2,12.8,83.8,DATOS SINTÉTICOS DE PRUEBA
Pasto,Nariño,1.2136,-77.2811,33,2024,15,7.1,9.3,85.4,DATOS SINTÉTICOS DE PRUEBA
Pasto,Nariño,1.2136,-77.2811,34,2024,10,6.9,33.9,81.6,DATOS SINTÉTICOS DE PRUEBA
Pasto,Nariño,1.2136,-77.2811,35,2024,13,6.8,42.5,87.2,DATOS SINTÉTICOS DE PRUEBA
Pasto,Nariño,1.2136,-77.2811,36,2024,14,6.7,47.5,84.3,DATOS SINTÉTICOS DE PRUEBA
Pasto,Nariño,1.2136,-77.2811,37,2024,10,6.7,45.8,80.6,DATOS SINTÉTICOS DE PRUEBA
Pasto,Nariño,1.2136,-77.2811,38,2024,14,6.6,44.3,84.8,DATOS SINTÉTICOS DE PRUEBA
Pasto,Nariño,1.2136,-77.2811,39,2024,11,6.6,27.1,84.1,DATOS SINTÉTICOS DE PRUEBA
Pasto,Nariño,1.2136,-77.2811,40,2024,12,6.6,49.9,71.8,DATOS SINTÉTICOS DE PRUEBA
Pasto,Nariño,1.2136,-77.2811,41,2024,9,6.7,82.2,85.1,DATOS SINTÉTICOS DE PRUEBA
Pasto,Nariño,1.2136,-77.2811,42,2024,12,6.7,74.4,82.4,DATOS SINTÉTICOS DE PRUEBA
Pasto,Nariño,1.2136,-77.2811,43,2024,11,6.8,92.0,78.2,DATOS SINTÉTICOS DE PRUEBA
Pasto,Nariño,1.2136,-77.2811,44,2024,12,6.9,84.4,77.7,DATOS SINTÉTICOS DE PRUEBA
Pasto,Nariño,1.2136,-77.2811,45,2024,10,7.1,89.7,81.7,DATOS SINTÉTICOS DE PRUEBA
Pasto,Nariño,1.2136,-77.2811,46,2024,9,7.2,63.1,77.8,DATOS SINTÉTICOS DE PRUEBA
Pasto,Nariño,1.2136,-77.2811,47,2024,9,7.4,77.4,86.4,DATOS SINTÉTICOS DE PRUEBA
Pasto,Nariño,1.2136,-77.2811,48,2024,10,7.6,70.4,84.0,DATOS SINTÉTICOS DE PRUEBA
Pasto,Nariño,1.2136,-77.2811,49,2024,10,7.8,109.0,83.7,DATOS SINTÉTICOS DE PRUEBA
Pasto,Nariño,1.2136,-77.2811,50,2024,11,8.0,126.2,85.8,DATOS SINTÉTICOS DE PRUEBA
Pasto,Nariño,1.2136,-77.2811,51,2024,11,8.2,132.5,84.0,DATOS SINTÉTICOS DE PRUEBA
Pasto,Nariño,1.2136,-77.2811,52,2024,9,8.4,132.0,83.3,DATOS SINTÉTICOS DE PRUEBA
Pasto,Nariño,1.2136,-77.2811,1,2025,8,8.6,113.1,76.1,DATOS SINTÉTICOS DE PRUEBA
Pasto,Nariño,1.2136,-77.2811,2,2025,9,8.8,150.2,83.1,DATOS SINTÉTICOS DE PRUEBA
Pasto,Nariño,1.2136,-77.2811,3,2025,9,9.0,140.4,81.8,DATOS SINTÉTICOS DE PRUEBA
Pasto,Nariño,1.2136,-77.2811,4,2025,10,9.2,130.6,81.2,DATOS SINTÉTICOS DE PRUEBA
Pasto,Nariño,1.2136,-77.2811,5,2025,12,9.4,149.4,84.3,DATOS SINTÉTICOS DE PRUEBA
Pasto,Nariño,1.2136,-77.2811,6,2025,14,9.6,166.8,85.9,DATOS SINTÉTICOS DE PRUEBA
Pasto,Nariño,1.2136,-77.2811,7,2025,11,9.7,182.9,82.1,DATOS SINTÉTICOS DE PRUEBA
Pasto,Nariño,1.2136,-77.2811,8,2025,13,9.9,111.9,79.3,DATOS SINTÉTICOS DE PRUEBA
Pasto,Nariño,1.2136,-77.2811,9,2025,13,10.0,139.1,80.4,DATOS SINTÉTICOS DE PRUEBA
Pasto,Nariño,1.2136,-77.2811,10,2025,12,10.1,181.7,80.1,DATOS SINTÉTICOS DE PRUEBA
Pasto,Nariño,1.2136,-77.2811,11,2025,12,10.1,160.4,78.5,DATOS SINTÉTICOS DE PRUEBA
Pasto,Nariño,1.2136,-77.2811,12,2025,15,10.2,133.2,83.0,DATOS SINTÉTICOS DE PRUEBA
Pasto,Nariño,1.2136,-77.2811,13,2025,12,10.2,151.5,85.6,DATOS SINTÉTICOS DE PRUEBA
Pasto,Nariño,1.2136,-77.2811,14,2025,13,10.2,171.7,88.0,DATOS SINTÉTICOS DE PRUEBA
Pasto,Nariño,1.2136,-77.2811,15,2025,14,10.1,146.4,78.9,DATOS SINTÉTICOS DE PRUEBA
Pasto,Nariño,1.2136,-77.2811,16,2025,17,10.1,171.0,84.8,DATOS SINTÉTICOS DE PRUEBA
Pasto,Nariño,1.2136,-77.2811,17,2025,17,10.0,136.9,80.8,DATOS SINTÉTICOS DE PRUEBA
Pasto,Nariño,1.2136,-77.2811,18,2025,17,9.9,94.1,79.3,DATOS SINTÉTICOS DE PRUEBA
Pasto,Nariño,1.2136,-77.2811,19,2025,15,9.7,83.8,84.9,DATOS SINTÉTICOS DE PRUEBA
Pasto,Nariño,1.2136,-77.2811,20,2025,16,9.6,108.8,81.5,DATOS SINTÉTICOS DE PRUEBA
Pasto,Nariño,1.2136,-77.2811,21,2025,14,9.4,106.9,80.1,DATOS SINTÉTICOS DE PRUEBA
Pasto,Nariño,1.2136,-77.2811,22,2025,17,9.2,96.5,85.6,DATOS SINTÉTICOS DE PRUEBA
Pasto,Nariño,1.2136,-77.2811,23,2025,12,9.0,71.0,81.4,DATOS SINTÉTICOS DE PRUEBA
Pasto,Nariño,1.2136,-77.2811,24,2025,20,8.8,62.8,90.6,DATOS SINTÉTICOS DE PRUEBA
Pasto,Nariño,1.2136,-77.2811,25,2025,16,8.6,104.5,79.9,DATOS SINTÉTICOS DE PRUEBA
Pasto,Nariño,1.2136,-77.2811,26,2025,16,8.4,76.2,79.8,DATOS SINTÉTICOS DE PRUEBA
Pasto,Nariño,1.2136,-77.2811,27,2025,15,8.2,69.0,84.1,DATOS SINTÉTICOS DE PRUEBA
Pasto,Nariño,1.2136,-77.2811,28,2025,16,8.0,47.4,83.5,DATOS SINTÉTICOS DE PRUEBA
Pasto,Nariño,1.2136,-77.2811,29,2025,15,7.8,27.3,87.8,DATOS SINTÉTICOS DE PRUEBA
Pasto,Nariño,1.2136,-77.2811,30,2025,15,7.6,62.7,84.9,DATOS SINTÉTICOS DE PRUEBA
Pasto,Nariño,1.2136,-77.2811,31,2025,14,7.4,36.6,82.4,DATOS SINTÉTICOS DE PRUEBA
Pasto,Nariño,1.2136,-77.2811,32,2025,13,7.2,62.7,79.2,DATOS SINTÉTICOS DE PRUEBA
Pasto,Nariño,1.2136,-77.2811,33,2025,15,7.1,19.2,84.3,DATOS SINTÉTICOS DE PRUEBA
Pasto,Nariño,1.2136,-77.2811,34,2025,13,6.9,59.1,85.4,DATOS SINTÉTICOS DE PRUEBA
Pasto,Nariño,1.2136,-77.2811,35,2025,13,6.8,57.4,83.1,DATOS SINTÉTICOS DE PRUEBA
Pasto,Nariño,1.2136,-77.2811,36,2025,16,6.7,38.0,81.8,DATOS SINTÉTICOS DE PRUEBA
Pasto,Nariño,1.2136,-77.2811,37,2025,13,6.7,62.8,77.6,DATOS SINTÉTICOS DE PRUEBA
Pasto,Nariño,1.2136,-77.2811,38,2025,10,6.6,71.0,80.1,DATOS SINTÉTICOS DE PRUEBA
Pasto,Nariño,1.2136,-77.2811,39,2025,11,6.6,48.9,78.7,DATOS SINTÉTICOS DE PRUEBA
Pasto,Nariño,1.2136,-77.2811,40,2025,10,6.6,67.4,80.0,DATOS SINTÉTICOS DE PRUEBA
Pasto,Nariño,1.2136,-77.2811,41,2025,11,6.7,34.7,80.3,DATOS SINTÉTICOS DE PRUEBA
Pasto,Nariño,1.2136,-77.2811,42,2025,12,6.7,39.7,80.9,DATOS SINTÉTICOS DE PRUEBA
Pasto,Nariño,1.2136,-77.2811,43,2025,10,6.8,80.1,82.2,DATOS SINTÉTICOS DE PRUEBA
Pasto,Nariño,1.2136,-77.2811,44,2025,9,6.9,93.5,79.9,DATOS SINTÉTICOS DE PRUEBA
Pasto,Nariño,1.2136,-77.2811,45,2025,8,7.1,80.6,80.7,DATOS SINTÉTICOS DE PRUEBA
Pasto,Nariño,1.2136,-77.2811,46,2025,11,7.2,83.3,83.5,DATOS SINTÉTICOS DE PRUEBA
Pasto,Nariño,1.2136,-77.2811,47,2025,8,7.4,86.2,83.2,DATOS SINTÉTICOS DE PRUEBA
Pasto,Nariño,1.2136,-77.2811,48,2025,9,7.6,116.2,75.9,DATOS SINTÉTICOS DE PRUEBA
Pasto,Nariño,1.2136,-77.2811,49,2025,10,7.8,100.1,79.8,DATOS SINTÉTICOS DE PRUEBA
Pasto,Nariño,1.2136,-77.2811,50,2025,10,8.0,109.0,80.8,DATOS SINTÉTICOS DE PRUEBA
Pasto,Nariño,1.2136,-77.2811,51,2025,12,8.2,147.1,78.6,DATOS SINTÉTICOS DE PRUEBA
Pasto,Nariño,1.2136,-77.2811,52,2025,10,8.4,107.4,77.5,DATOS SINTÉTICOS DE PRUEBA
Ipiales,Nariño,0.83,-77.6444,1,2023,6,9.3,131.7,80.5,DATOS SINTÉTICOS DE PRUEBA
Ipiales,Nariño,0.83,-77.6444,2,2023,4,9.5,151.0,78.2,DATOS SINTÉTICOS DE PRUEBA
Ipiales,Nariño,0.83,-77.6444,3,2023,4,9.7,131.2,85.3,DATOS SINTÉTICOS DE PRUEBA
Ipiales,Nariño,0.83,-77.6444,4,2023,6,9.9,164.0,77.7,DATOS SINTÉTICOS DE PRUEBA
Ipiales,Nariño,0.83,-77.6444,5,2023,3,10.1,170.3,80.3,DATOS SINTÉTICOS DE PRUEBA
Ipiales,Nariño,0.83,-77.6444,6,2023,6,10.3,155.3,79.5,DATOS SINTÉTICOS DE PRUEBA
Ipiales,Nariño,0.83,-77.6444,7,2023,6,10.4,122.3,84.9,DATOS SINTÉTICOS DE PRUEBA
Ipiales,Nariño,0.83,-77.6444,8,2023,7,10.6,142.8,78.3,DATOS SINTÉTICOS DE PRUEBA
Ipiales,Nariño,0.83,-77.6444,9,2023,4,10.7,155.7,79.6,DATOS SINTÉTICOS DE PRUEBA
Ipiales,Nariño,0.83,-77.6444,10,2023,8,10.8,155.5,77.2,DATOS SINTÉTICOS DE PRUEBA
Ipiales,Nariño,0.83,-77.6444,11,2023,6,10.8,154.1,76.9,DATOS SINTÉTICOS DE PRUEBA
Ipiales,Nariño,0.83,-77.6444,12,2023,7,10.9,157.3,78.9,DATOS SINTÉTICOS DE PRUEBA
Ipiales,Nariño,0.83,-77.6444,13,2023,7,10.9,183.1,73.7,DATOS SINTÉTICOS DE PRUEBA
Ipiales,Nariño,0.83,-77.6444,14,2023,8,10.9,122.4,90.9,DATOS SINTÉTICOS DE PRUEBA
Ipiales,Nariño,0.83,-77.6444,15,2023,6,10.8,141.3,79.1,DATOS SINTÉTICOS DE PRUEBA
Ipiales,Nariño,0.83,-77.6444,16,2023,8,10.8,118.3,84.7,DATOS SINTÉTICOS DE PRUEBA
Ipiales,Nariño,0.83,-77.6444,17,2023,7,10.7,140.3,85.8,DATOS SINTÉTICOS DE PRUEBA
Ipiales,Nariño,0.83,-77.6444,18,2023,6,10.6,149.4,85.1,DATOS SINTÉTICOS DE PRUEBA
Ipiales,Nariño,0.83,-77.6444,19,2023,8,10.4,111.6,87.0,DATOS SINTÉTICOS DE PRUEBA
Ipiales,Nariño,0.83,-77.6444,20,2023,9,10.3,106.2,78.3,DATOS SINTÉTICOS DE PRUEBA
Ipiales,Nariño,0.83,-77.6444,21,2023,9,10.1,119.3,75.8,DATOS SINTÉTICOS DE PRUEBA
Ipiales,Nariño,0.83,-77.6444,22,2023,7,9.9,123.6,81.0,DATOS SINTÉTICOS DE PRUEBA
Ipiales,Nariño,0.83,-77.6444,23,2023,4,9.7,141.3,79.6,DATOS SINTÉTICOS DE PRUEBA
Ipiales,Nariño,0.83,-77.6444,24,2023,7,9.5,86.5,81.1,DATOS SINTÉTICOS DE PRUEBA
Ipiales,Nariño,0.83,-77.6444,25,2023,6,9.3,81.4,81.8,DATOS SINTÉTICOS DE PRUEBA
Ipiales,Nariño,0.83,-77.6444,26,2023,9,9.1,64.8,79.4,DATOS SINTÉTICOS DE PRUEBA
Ipiales,Nariño,0.83,-77.6444,27,2023,9,8.9,67.4,86.2,DATOS SINTÉTICOS DE PRUEBA
Ipiales,Nariño,0.83,-77.6444,28,2023,9,8.7,51.8,77.1,DATOS SINTÉTICOS DE PRUEBA
Ipiales,Nariño,0.83,-77.6444,29,2023,6,8.5,64.8,79.2,DATOS SINTÉTICOS DE PRUEBA
Ipiales,Nariño,0.83,-77.6444,30,2023,7,8.3,57.9,79.4,DATOS SINTÉTICOS DE PRUEBA
Ipiales,Nariño,0.83,-77.6444,31,2023,5,8.1,91.1,76.0,DATOS SINTÉTICOS DE PRUEBA
Ipiales,Nariño,0.83,-77.6444,32,2023,7,7.9,27.0,81.3,DATOS SINTÉTICOS DE PRUEBA
Ipiales,Nariño,0.83,-77.6444,33,2023,6,7.8,48.6,81.5,DATOS SINTÉTICOS DE PRUEBA
Ipiales,Nariño,0.83,-77.6444,34,2023,6,7.6,67.4,81.5,DATOS SINTÉTICOS DE PRUEBA
Ipiales,Nariño,0.83,-77.6444,35,2023,7,7.5,54.9,84.0,DATOS SINTÉTICOS DE PRUEBA
Ipiales,Nariño,0.83,-77.6444,36,2023,6,7.4,63.7,72.4,DATOS SINTÉTICOS DE PRUEBA
Ipiales,Nariño,0.83,-77.6444,37,2023,8,7.4,65.1,74.5,DATOS SINTÉTICOS DE PRUEBA
Ipiales,Nariño,0.83,-77.6444,38,2023,6,7.3,62.9,80.0,DATOS SINTÉTICOS DE PRUEBA
Ipiales,Nariño,0.83,-77.6444,39,2023,5,7.3,50.5,81.5,DATOS SINTÉTICOS DE PRUEBA
Ipiales,Nariño,0.83,-77.6444,40,2023,5,7.3,58.4,81.0,DATOS SINTÉTICOS DE PRUEBA
Ipiales,Nariño,0.83,-77.6444,41,2023,4,7.4,53.4,69.4,DATOS SINTÉTICOS DE PRUEBA
Ipiales,Nariño,0.83,-77.6444,42,2023,4,7.4,25.3,79.9,DATOS SINTÉTICOS DE PRUEBA
Ipiales,Nariño,0.83,-77.6444,43,2023,7,7.5,57.0,76.0,DATOS SINTÉTICOS DE PRUEBA
Ipiales,Nariño,0.83,-77.6444,44,2023,2,7.6,82.5,75.5,DATOS SINTÉTICOS DE PRUEBA
Ipiales,Nariño,0.83,-77.6444,45,2023,4,7.8,82.3,75.7,DATOS SINTÉTICOS DE PRUEBA
Ipiales,Nariño,0.83,-77.6444,46,2023,5,7.9,89.1,77.8,DATOS SINTÉTICOS DE PRUEBA
Ipiales,Nariño,0.83,-77.6444,47,2023,6,8.1,93.9,72.6,DATOS SINTÉTICOS DE PRUEBA
Ipiales,Nariño,0.83,-77.6444,48,2023,6,8.3,112.7,79.3,DATOS SINTÉTICOS DE PRUEBA
Ipiales,Nariño,0.83,-77.6444,49,2023,3,8.5,93.1,78.3,DATOS SINTÉTICOS DE PRUEBA
Ipiales,Nariño,0.83,-77.6444,50,2023,6,8.7,87.0,86.8,DATOS SINTÉTICOS DE PRUEBA
Ipiales,Nariño,0.83,-77.6444,51,2023,4,8.9,128.9,78.9,DATOS SINTÉTICOS DE PRUEBA
Ipiales,Nariño,0.83,-77.6444,52,2023,7,9.1,113.4,74.4,DATOS SINTÉTICOS DE PRUEBA
Ipiales,Nariño,0.83,-77.6444,1,2024,4,9.3,104.8,84.1,DATOS SINTÉTICOS DE PRUEBA
Ipiales,Nariño,0.83,-77.6444,2,2024,6,9.5,135.4,75.8,DATOS SINTÉTICOS DE PRUEBA
Ipiales,Nariño,0.83,-77.6444,3,2024,7,9.7,162.8,74.8,DATOS SINTÉTICOS DE PRUEBA
Ipiales,Nariño,0.83,-77.6444,4,2024,6,9.9,148.3,74.3,DATOS SINTÉTICOS DE PRUEBA
Ipiales,Nariño,0.83,-77.6444,5,2024,5,10.1,151.0,82.1,DATOS SINTÉTICOS DE PRUEBA
Ipiales,Nariño,0.83,-77.6444,6,2024,6,10.3,126.0,75.3,DATOS SINTÉTICOS DE PRUEBA
Ipiales,Nariño,0.83,-77.6444,7,2024,6,10.4,129.3,82.3,DATOS SINTÉTICOS DE PRUEBA
Ipiales,Nariño,0.83,-77.6444,8,2024,5,10.6,139.6,76.8,DATOS SINTÉTICOS DE PRUEBA
Ipiales,Nariño,0.83,-77.6444,9,2024,4,10.7,139.1,85.7,DATOS SINTÉTICOS DE PRUEBA
Ipiales,Nariño,0.83,-77.6444,10,2024,7,10.8,167.8,75.5,DATOS SINTÉTICOS DE PRUEBA
Ipiales,Nariño,0.83,-77.6444,11,2024,5,10.8,130.7,76.5,DATOS SINTÉTICOS DE PRUEBA
Ipiales,Nariño,0.83,-77.6444,12,2024,8,10.9,175.7,71.9,DATOS SINTÉTICOS DE PRUEBA
Ipiales,Nariño,0.83,-77.6444,13,2024,3,10.9,164.7,75.3,DATOS SINTÉTICOS DE PRUEBA
Ipiales,Nariño,0.83,-77.6444,14,2024,7,10.9,157.4,82.6,DATOS SINTÉTICOS DE PRUEBA
Ipiales,Nariño,0.83,-77.6444,15,2024,7,10.8,143.9,74.2,DATOS SINTÉTICOS DE PRUEBA
Ipiales,Nariño,0.83,-77.6444,16,2024,6,10.8,132.0,71.7,DATOS SINTÉTICOS DE PRUEBA
Ipiales,Nariño,0.83,-77.6444,17,2024,4,10.7,124.3,81.8,DATOS SINTÉTICOS DE PRUEBA
Ipiales,Nariño,0.83,-77.6444,18,2024,8,10.6,154.7,76.2,DATOS SINTÉTICOS DE PRUEBA
Ipiales,Nariño,0.83,-77.6444,19,2024,8,10.4,136.8,82.1,DATOS SINTÉTICOS DE PRUEBA
Ipiales,Nariño,0.83,-77.6444,20,2024,6,10.3,114.0,78.3,DATOS SINTÉTICOS DE PRUEBA
Ipiales,Nariño,0.83,-77.6444,21,2024,6,10.1,102.9,75.9,DATOS SINTÉTICOS DE PRUEBA
Ipiales,Nariño,0.83,-77.6444,22,2024,6,9.9,101.2,76.5,DATOS SINTÉTICOS DE PRUEBA
Ipiales,Nariño,0.83,-77.6444,23,2024,9,9.7,99.9,79.0,DATOS SINTÉTICOS DE PRUEBA
Ipiales,Nariño,0.83,-77.6444,24,2024,8,9.5,74.4,80.1,DATOS SINTÉTICOS DE PRUEBA
Ipiales,Nariño,0.83,-77.6444,25,2024,11,9.3,62.9,78.4,DATOS SINTÉTICOS DE PRUEBA
Ipiales,Nariño,0.83,-77.6444,26,2024,10,9.1,102.4,80.8,DATOS SINTÉTICOS DE PRUEBA
Ipiales,Nariño,0.83,-77.6444,27,2024,10,8.9,65.0,75.2,DATOS SINTÉTICOS DE PRUEBA
Ipiales,Nariño,0.83,-77.6444,28,2024,9,8.7,73.1,78.5,DATOS SINTÉTICOS DE PRUEBA
Ipiales,Nariño,0.83,-77.6444,29,2024,5,8.5,69.0,82.4,DATOS SINTÉTICOS DE PRUEBA
Ipiales,Nariño,0.83,-77.6444,30,2024,5,8.3,67.8,77.5,DATOS SINTÉTICOS DE PRUEBA
Ipiales,Nariño,0.83,-77.6444,31,2024,8,8.1,65.8,74.1,DATOS SINTÉTICOS DE PRUEBA
Ipiales,Nariño,0.83,-77.6444,32,2024,9,7.9,37.5,80.1,DATOS SINTÉTICOS DE PRUEBA
Ipiales,Nariño,0.83,-77.6444,33,2024,7,7.8,57.1,77.3,DATOS SINTÉTICOS DE PRUEBA
Ipiales,Nariño,0.83,-77.6444,34,2024,5,7.6,32.0,82.0,DATOS SINTÉTICOS DE PRUEBA
Ipiales,Nariño,0.83,-77.6444,35,2024,5,7.5,16.5,75.4,DATOS SINTÉTICOS DE PRUEBA
Ipiales,Nariño,0.83,-77.6444,36,2024,6,7.4,82.8,72.9,DATOS SINTÉTICOS DE PRUEBA
Ipiales,Nariño,0.83,-77.6444,37,2024,5,7.4,55.4,80.8,DATOS SINTÉTICOS DE PRUEBA
Ipiales,Nariño,0.83,-77.6444,38,2024,5,7.3,54.1,80.2,DATOS SINTÉTICOS DE PRUEBA
Ipiales,Nariño,0.83,-77.6444,39,2024,5,7.3,38.4,80.1,DATOS SINTÉTICOS DE PRUEBA
Ipiales,Nariño,0.83,-77.6444,40,2024,4,7.3,34.2,74.8,DATOS SINTÉTICOS DE PRUEBA
Ipiales,Nariño,0.83,-77.6444,41,2024,5,7.4,66.4,78.3,DATOS SINTÉTICOS DE PRUEBA
Ipiales,Nariño,0.83,-77.6444,42,2024,6,7.4,100.3,85.4,DATOS SINTÉTICOS DE PRUEBA
Ipiales,Nariño,0.83,-77.6444,43,2024,5,7.5,71.1,82.5,DATOS SINTÉTICOS DE PRUEBA
Ipiales,Nariño,0.83,-77.6444,44,2024,3,7.6,82.1,85.5,DATOS SINTÉTICOS DE PRUEBA
Ipiales,Nariño,0.83,-77.6444,45,2024,5,7.8,58.2,71.2,DATOS SINTÉTICOS DE PRUEBA
Ipiales,Nariño,0.83,-77.6444,46,2024,3,7.9,87.1,74.9,DATOS SINTÉTICOS DE PRUEBA
Ipiales,Nariño,0.83,-77.6444,47,2024,4,8.1,78.5,75.6,DATOS SINTÉTICOS DE PRUEBA
Ipiales,Nariño,0.83,-77.6444,48,2024,6,8.3,74.9,73.3,DATOS SINTÉTICOS DE PRUEBA
Ipiales,Nariño,0.83,-77.6444,49,2024,4,8.5,108.6,80.8,DATOS SINTÉTICOS DE PRUEBA
Ipiales,Nariño,0.83,-77.6444,50,2024,4,8.7,95.5,78.6,DATOS SINTÉTICOS DE PRUEBA
Ipiales,Nariño,0.83,-77.6444,51,2024,5,8.9,114.2,79.1,DATOS SINTÉTICOS DE PRUEBA
Ipiales,Nariño,0.83,-77.6444,52,2024,6,9.1,123.0,76.2,DATOS SINTÉTICOS DE PRUEBA
Ipiales,Nariño,0.83,-77.6444,1,2025,4,9.3,135.7,76.0,DATOS SINTÉTICOS DE PRUEBA
Ipiales,Nariño,0.83,-77.6444,2,2025,6,9.5,134.7,76.2,DATOS SINTÉTICOS DE PRUEBA
Ipiales,Nariño,0.83,-77.6444,3,2025,4,9.7,121.5,77.5,DATOS SINTÉTICOS DE PRUEBA
Ipiales,Nariño,0.83,-77.6444,4,2025,5,9.9,151.4,76.9,DATOS SINTÉTICOS DE PRUEBA
Ipiales,Nariño,0.83,-77.6444,5,2025,7,10.1,123.6,78.3,DATOS SINTÉTICOS DE PRUEBA
Ipiales,Nariño,0.83,-77.6444,6,2025,8,10.3,174.2,85.4,DATOS SINTÉTICOS DE PRUEBA
Ipiales,Nariño,0.83,-77.6444,7,2025,8,10.4,169.5,77.7,DATOS SINTÉTICOS DE PRUEBA
Ipiales,Nariño,0.83,-77.6444,8,2025,7,10.6,151.1,83.0,DATOS SINTÉTICOS DE PRUEBA
Ipiales,Nariño,0.83,-77.6444,9,2025,6,10.7,133.2,80.8,DATOS SINTÉTICOS DE PRUEBA
Ipiales,Nariño,0.83,-77.6444,10,2025,7,10.8,150.1,75.8,DATOS SINTÉTICOS DE PRUEBA
Ipiales,Nariño,0.83,-77.6444,11,2025,8,10.8,190.0,68.7,DATOS SINTÉTICOS DE PRUEBA
Ipiales,Nariño,0.83,-77.6444,12,2025,8,10.9,153.5,78.6,DATOS SINTÉTICOS DE PRUEBA
Ipiales,Nariño,0.83,-77.6444,13,2025,6,10.9,140.5,82.6,DATOS SINTÉTICOS DE PRUEBA
Ipiales,Nariño,0.83,-77.6444,14,2025,8,10.9,159.6,77.8,DATOS SINTÉTICOS DE PRUEBA
Ipiales,Nariño,0.83,-77.6444,15,2025,9,10.8,112.7,82.9,DATOS SINTÉTICOS DE PRUEBA
Ipiales,Nariño,0.83,-77.6444,16,2025,5,10.8,148.3,77.6,DATOS SINTÉTICOS DE PRUEBA
Ipiales,Nariño,0.83,-77.6444,17,2025,8,10.7,152.9,76.4,DATOS SINTÉTICOS DE PRUEBA
Ipiales,Nariño,0.83,-77.6444,18,2025,6,10.6,115.9,77.2,DATOS SINTÉTICOS DE PRUEBA
Ipiales,Nariño,0.83,-77.6444,19,2025,7,10.4,99.9,78.0,DATOS SINTÉTICOS DE PRUEBA
Ipiales,Nariño,0.83,-77.6444,20,2025,8,10.3,97.8,82.0,DATOS SINTÉTICOS DE PRUEBA
Ipiales,Nariño,0.83,-77.6444,21,2025,9,10.1,107.7,76.0,DATOS SINTÉTICOS DE PRUEBA
Ipiales,Nariño,0.83,-77.6444,22,2025,8,9.9,105.4,74.2,DATOS SINTÉTICOS DE PRUEBA
Ipiales,Nariño,0.83,-77.6444,23,2025,6,9.7,85.8,79.0,DATOS SINTÉTICOS DE PRUEBA
Ipiales,Nariño,0.83,-77.6444,24,2025,6,9.5,96.8,81.1,DATOS SINTÉTICOS DE PRUEBA
Ipiales,Nariño,0.83,-77.6444,25,2025,8,9.3,76.9,82.0,DATOS SINTÉTICOS DE PRUEBA
Ipiales,Nariño,0.83,-77.6444,26,2025,9,9.1,53.3,78.3,DATOS SINTÉTICOS DE PRUEBA
Ipiales,Nariño,0.83,-77.6444,27,2025,7,8.9,79.3,81.2,DATOS SINTÉTICOS DE PRUEBA
Ipiales,Nariño,0.83,-77.6444,28,2025,5,8.7,100.6,68.4,DATOS SINTÉTICOS DE PRUEBA
Ipiales,Nariño,0.83,-77.6444,29,2025,6,8.5,99.1,79.5,DATOS SINTÉTICOS DE PRUEBA
Ipiales,Nariño,0.83,-77.6444,30,2025,10,8.3,44.8,75.4,DATOS SINTÉTICOS DE PRUEBA
Ipiales,Nariño,0.83,-77.6444,31,2025,8,8.1,23.8,75.6,DATOS SINTÉTICOS DE PRUEBA
Ipiales,Nariño,0.83,-77.6444,32,2025,8,7.9,38.0,80.5,DATOS SINTÉTICOS DE PRUEBA
Ipiales,Nariño,0.83,-77.6444,33,2025,6,7.8,58.9,82.6,DATOS SINTÉTICOS DE PRUEBA
Ipiales,Nariño,0.83,-77.6444,34,2025,5,7.6,40.7,74.3,DATOS SINTÉTICOS DE PRUEBA
Ipiales,Nariño,0.83,-77.6444,35,2025,7,7.5,22.0,80.7,DATOS SINTÉTICOS DE PRUEBA
Ipiales,Nariño,0.83,-77.6444,36,2025,6,7.4,35.9,77.0,DATOS SINTÉTICOS DE PRUEBA
Ipiales,Nariño,0.83,-77.6444,37,2025,6,7.4,3.6,74.9,DATOS SINTÉTICOS DE PRUEBA
Ipiales,Nariño,0.83,-77.6444,38,2025,4,7.3,44.1,78.2,DATOS SINTÉTICOS DE PRUEBA
Ipiales,Nariño,0.83,-77.6444,39,2025,8,7.3,46.7,71.8,DATOS SINTÉTICOS DE PRUEBA
Ipiales,Nariño,0.83,-77.6444,40,2025,7,7.3,44.9,78.4,DATOS SINTÉTICOS DE PRUEBA
Ipiales,Nariño,0.83,-77.6444,41,2025,8,7.4,41.2,73.0,DATOS SINTÉTICOS DE PRUEBA
Ipiales,Nariño,0.83,-77.6444,42,2025,6,7.4,70.6,75.1,DATOS SINTÉTICOS DE PRUEBA
Ipiales,Nariño,0.83,-77.6444,43,2025,3,7.5,54.7,83.8,DATOS SINTÉTICOS DE PRUEBA
Ipiales,Nariño,0.83,-77.6444,44,2025,4,7.6,66.7,73.6,DATOS SINTÉTICOS DE PRUEBA
Ipiales,Nariño,0.83,-77.6444,45,2025,6,7.8,59.2,74.2,DATOS SINTÉTICOS DE PRUEBA
Ipiales,Nariño,0.83,-77.6444,46,2025,7,7.9,54.0,78.5,DATOS SINTÉTICOS DE PRUEBA
Ipiales,Nariño,0.83,-77.6444,47,2025,6,8.1,116.8,75.2,DATOS SINTÉTICOS DE PRUEBA
Ipiales,Nariño,0.83,-77.6444,48,2025,4,8.3,94.8,82.9,DATOS SINTÉTICOS DE PRUEBA
Ipiales,Nariño,0.83,-77.6444,49,2025,6,8.5,92.3,77.1,DATOS SINTÉTICOS DE PRUEBA
Ipiales,Nariño,0.83,-77.6444,50,2025,3,8.7,83.5,86.5,DATOS SINTÉTICOS DE PRUEBA
Ipiales,Nariño,0.83,-77.6444,51,2025,4,8.9,125.3,78.8,DATOS SINTÉTICOS DE PRUEBA
Ipiales,Nariño,0.83,-77.6444,52,2025,7,9.1,135.9,84.8,DATOS SINTÉTICOS DE PRUEBA
Tumaco,Nariño,1.8067,-78.7647,1,2023,5,26.2,111.7,79.4,DATOS SINTÉTICOS DE PRUEBA
Tumaco,Nariño,1.8067,-78.7647,2,2023,5,26.4,121.1,77.5,DATOS SINTÉTICOS DE PRUEBA
Tumaco,Nariño,1.8067,-78.7647,3,2023,4,26.6,143.0,84.3,DATOS SINTÉTICOS DE PRUEBA
Tumaco,Nariño,1.8067,-78.7647,4,2023,8,26.8,112.7,85.9,DATOS SINTÉTICOS DE PRUEBA
Tumaco,Nariño,1.8067,-78.7647,5,2023,5,27.0,152.0,76.4,DATOS SINTÉTICOS DE PRUEBA
Tumaco,Nariño,1.8067,-78.7647,6,2023,9,27.2,144.0,93.7,DATOS SINTÉTICOS DE PRUEBA
Tumaco,Nariño,1.8067,-78.7647,7,2023,8,27.3,172.9,90.0,DATOS SINTÉTICOS DE PRUEBA
Tumaco,Nariño,1.8067,-78.7647,8,2023,8,27.5,154.9,83.3,DATOS SINTÉTICOS DE PRUEBA
Tumaco,Nariño,1.8067,-78.7647,9,2023,9,27.6,129.3,81.2,DATOS SINTÉTICOS DE PRUEBA
Tumaco,Nariño,1.8067,-78.7647,10,2023,8,27.7,147.2,83.5,DATOS SINTÉTICOS DE PRUEBA
Tumaco,Nariño,1.8067,-78.7647,11,2023,8,27.7,162.2,81.8,DATOS SINTÉTICOS DE PRUEBA
Tumaco,Nariño,1.8067,-78.7647,12,2023,10,27.8,141.7,86.6,DATOS SINTÉTICOS DE PRUEBA
Tumaco,Nariño,1.8067,-78.7647,13,2023,10,27.8,140.2,89.0,DATOS SINTÉTICOS DE PRUEBA
Tumaco,Nariño,1.8067,-78.7647,14,2023,9,27.8,132.8,87.9,DATOS SINTÉTICOS DE PRUEBA
Tumaco,Nariño,1.8067,-78.7647,15,2023,10,27.7,150.8,94.8,DATOS SINTÉTICOS DE PRUEBA
Tumaco,Nariño,1.8067,-78.7647,16,2023,11,27.7,141.3,82.6,DATOS SINTÉTICOS DE PRUEBA
Tumaco,Nariño,1.8067,-78.7647,17,2023,8,27.6,124.4,80.7,DATOS SINTÉTICOS DE PRUEBA
Tumaco,Nariño,1.8067,-78.7647,18,2023,8,27.5,115.6,83.0,DATOS SINTÉTICOS DE PRUEBA
Tumaco,Nariño,1.8067,-78.7647,19,2023,10,27.3,113.5,83.5,DATOS SINTÉTICOS DE PRUEBA
Tumaco,Nariño,1.8067,-78.7647,20,2023,12,27.2,132.8,81.2,DATOS SINTÉTICOS DE PRUEBA
Tumaco,Nariño,1.8067,-78.7647,21,2023,9,27.0,87.0,77.6,DATOS SINTÉTICOS DE PRUEBA
Tumaco,Nariño,1.8067,-78.7647,22,2023,10,26.8,90.8,91.0,DATOS SINTÉTICOS DE PRUEBA
Tumaco,Nariño,1.8067,-78.7647,23,2023,9,26.6,99.5,86.0,DATOS SINTÉTICOS DE PRUEBA
Tumaco,Nariño,1.8067,-78.7647,24,2023,9,26.4,83.5,84.5,DATOS SINTÉTICOS DE PRUEBA
Tumaco,Nariño,1.8067,-78.7647,25,2023,9,26.2,81.0,86.5,DATOS SINTÉTICOS DE PRUEBA
Tumaco,Nariño,1.8067,-78.7647,26,2023,9,26.0,48.5,85.7,DATOS SINTÉTICOS DE PRUEBA
Tumaco,Nariño,1.8067,-78.7647,27,2023,9,25.8,64.6,92.9,DATOS SINTÉTICOS DE PRUEBA
Tumaco,Nariño,1.8067,-78.7647,28,2023,9,25.6,52.2,88.5,DATOS SINTÉTICOS DE PRUEBA
Tumaco,Nariño,1.8067,-78.7647,29,2023,11,25.4,64.1,86.5,DATOS SINTÉTICOS DE PRUEBA
Tumaco,Nariño,1.8067,-78.7647,30,2023,11,25.2,52.8,84.4,DATOS SINTÉTICOS DE PRUEBA
Tumaco,Nariño,1.8067,-78.7647,31,2023,11,25.0,18.9,82.8,DATOS SINTÉTICOS DE PRUEBA
Tumaco,Nariño,1.8067,-78.7647,32,2023,9,24.8,38.0,79.7,DATOS SINTÉTICOS DE PRUEBA
Tumaco,Nariño,1.8067,-78.7647,33,2023,8,24.7,58.5,79.0,DATOS SINTÉTICOS DE PRUEBA
Tumaco,Nariño,1.8067,-78.7647,34,2023,3,24.5,43.9,84.8,DATOS SINTÉTICOS DE PRUEBA
Tumaco,Nariño,1.8067,-78.7647,35,2023,7,24.4,11.4,83.3,DATOS SINTÉTICOS DE PRUEBA
Tumaco,Nariño,1.8067,-78.7647,36,2023,7,24.3,62.3,82.9,DATOS SINTÉTICOS DE PRUEBA
Tumaco,Nariño,1.8067,-78.7647,37,2023,7,24.3,40.8,86.1,DATOS SINTÉTICOS DE PRUEBA
Tumaco,Nariño,1.8067,-78.7647,38,2023,7,24.2,51.7,85.5,DATOS SINTÉTICOS DE PRUEBA
Tumaco,Nariño,1.8067,-78.7647,39,2023,8,24.2,63.7,86.4,DATOS SINTÉTICOS DE PRUEBA
Tumaco,Nariño,1.8067,-78.7647,40,2023,6,24.2,53.7,83.0,DATOS SINTÉTICOS DE PRUEBA
Tumaco,Nariño,1.8067,-78.7647,41,2023,10,24.3,28.1,90.7,DATOS SINTÉTICOS DE PRUEBA
Tumaco,Nariño,1.8067,-78.7647,42,2023,8,24.3,57.8,90.9,DATOS SINTÉTICOS DE PRUEBA
Tumaco,Nariño,1.8067,-78.7647,43,2023,9,24.4,71.1,95.0,DATOS SINTÉTICOS DE PRUEBA
Tumaco,Nariño,1.8067,-78.7647,44,2023,8,24.5,39.0,80.7,DATOS SINTÉTICOS DE PRUEBA
Tumaco,Nariño,1.8067,-78.7647,45,2023,7,24.7,75.0,87.8,DATOS SINTÉTICOS DE PRUEBA
Tumaco,Nariño,1.8067,-78.7647,46,2023,6,24.8,72.1,88.3,DATOS SINTÉTICOS DE PRUEBA
Tumaco,Nariño,1.8067,-78.7647,47,2023,7,25.0,99.1,85.1,DATOS SINTÉTICOS DE PRUEBA
Tumaco,Nariño,1.8067,-78.7647,48,2023,8,25.2,104.1,86.6,DATOS SINTÉTICOS DE PRUEBA
Tumaco,Nariño,1.8067,-78.7647,49,2023,11,25.4,60.1,80.0,DATOS SINTÉTICOS DE PRUEBA
Tumaco,Nariño,1.8067,-78.7647,50,2023,2,25.6,113.6,77.3,DATOS SINTÉTICOS DE PRUEBA
Tumaco,Nariño,1.8067,-78.7647,51,2023,6,25.8,146.5,90.3,DATOS SINTÉTICOS DE PRUEBA
Tumaco,Nariño,1.8067,-78.7647,52,2023,5,26.0,112.4,85.6,DATOS SINTÉTICOS DE PRUEBA
Tumaco,Nariño,1.8067,-78.7647,1,2024,8,26.2,134.0,88.8,DATOS SINTÉTICOS DE PRUEBA
Tumaco,Nariño,1.8067,-78.7647,2,2024,8,26.4,119.9,88.7,DATOS SINTÉTICOS DE PRUEBA
Tumaco,Nariño,1.8067,-78.7647,3,2024,8,26.6,134.4,91.4,DATOS SINTÉTICOS DE PRUEBA
Tumaco,Nariño,1.8067,-78.7647,4,2024,7,26.8,152.7,86.1,DATOS SINTÉTICOS DE PRUEBA
Tumaco,Nariño,1.8067,-78.7647,5,2024,8,27.0,137.3,81.5,DATOS SINTÉTICOS DE PRUEBA
Tumaco,Nariño,1.8067,-78.7647,6,2024,7,27.2,138.8,83.7,DATOS SINTÉTICOS DE PRUEBA
Tumaco,Nariño,1.8067,-78.7647,7,2024,8,27.3,169.7,87.4,DATOS SINTÉTICOS DE PRUEBA
Tumaco,Nariño,1.8067,-78.7647,8,2024,6,27.5,155.0,90.1,DATOS SINTÉTICOS DE PRUEBA
Tumaco,Nariño,1.8067,-78.7647,9,2024,8,27.6,154.6,84.8,DATOS SINTÉTICOS DE PRUEBA
Tumaco,Nariño,1.8067,-78.7647,10,2024,10,27.7,144.9,84.0,DATOS SINTÉTICOS DE PRUEBA
Tumaco,Nariño,1.8067,-78.7647,11,2024,9,27.7,176.7,80.5,DATOS SINTÉTICOS DE PRUEBA
Tumaco,Nariño,1.8067,-78.7647,12,2024,9,27.8,172.1,82.2,DATOS SINTÉTICOS DE PRUEBA
Tumaco,Nariño,1.8067,-78.7647,13,2024,8,27.8,154.9,84.7,DATOS SINTÉTICOS DE PRUEBA
Tumaco,Nariño,1.8067,-78.7647,14,2024,7,27.8,120.2,83.7,DATOS SINTÉTICOS DE PRUEBA
Tumaco,Nariño,1.8067,-78.7647,15,2024,9,27.7,142.2,83.3,DATOS SINTÉTICOS DE PRUEBA
Tumaco,Nariño,1.8067,-78.7647,16,2024,7,27.7,118.9,88.5,DATOS SINTÉTICOS DE PRUEBA
Tumaco,Nariño,1.8067,-78.7647,17,2024,9,27.6,105.5,87.1,DATOS SINTÉTICOS DE PRUEBA
Tumaco,Nariño,1.8067,-78.7647,18,2024,8,27.5,129.2,84.8,DATOS SINTÉTICOS DE PRUEBA
Tumaco,Nariño,1.8067,-78.7647,19,2024,9,27.3,135.9,87.5,DATOS SINTÉTICOS DE PRUEBA
Tumaco,Nariño,1.8067,-78.7647,20,2024,12,27.2,105.3,83.7,DATOS SINTÉTICOS DE PRUEBA
Tumaco,Nariño,1.8067,-78.7647,21,2024,11,27.0,108.9,85.2,DATOS SINTÉTICOS DE PRUEBA
Tumaco,Nariño,1.8067,-78.7647,22,2024,11,26.8,80.9,89.5,DATOS SINTÉTICOS DE PRUEBA
Tumaco,Nariño,1.8067,-78.7647,23,2024,13,26.6,82.0,80.2,DATOS SINTÉTICOS DE PRUEBA
Tumaco,Nariño,1.8067,-78.7647,24,2024,8,26.4,97.8,81.6,DATOS SINTÉTICOS DE PRUEBA
Tumaco,Nariño,1.8067,-78.7647,25,2024,12,26.2,76.6,90.5,DATOS SINTÉTICOS DE PRUEBA
Tumaco,Nariño,1.8067,-78.7647,26,2024,9,26.0,76.1,89.7,DATOS SINTÉTICOS DE PRUEBA
Tumaco,Nariño,1.8067,-78.7647,27,2024,10,25.8,82.4,83.5,DATOS SINTÉTICOS DE PRUEBA
Tumaco,Nariño,1.8067,-78.7647,28,2024,12,25.6,34.5,91.4,DATOS SINTÉTICOS DE PRUEBA
Tumaco,Nariño,1.8067,-78.7647,29,2024,9,25.4,81.3,94.0,DATOS SINTÉTICOS DE PRUEBA
Tumaco,Nariño,1.8067,-78.7647,30,2024,8,25.2,46.1,85.6,DATOS SINTÉTICOS DE PRUEBA
Tumaco,Nariño,1.8067,-78.7647,31,2024,7,25.0,23.2,89.6,DATOS SINTÉTICOS DE PRUEBA
Tumaco,Nariño,1.8067,-78.7647,32,2024,8,24.8,49.8,87.6,DATOS SINTÉTICOS DE PRUEBA
Tumaco,Nariño,1.8067,-78.7647,33,2024,8,24.7,43.0,84.8,DATOS SINTÉTICOS DE PRUEBA
Tumaco,Nariño,1.8067,-78.7647,34,2024,8,24.5,32.8,87.0,DATOS SINTÉTICOS DE PRUEBA
Tumaco,Nariño,1.8067,-78.7647,35,2024,9,24.4,54.1,83.0,DATOS SINTÉTICOS DE PRUEBA
Tumaco,Nariño,1.8067,-78.7647,36,2024,7,24.3,29.7,86.9,DATOS SINTÉTICOS DE PRUEBA
Tumaco,Nariño,1.8067,-78.7647,37,2024,8,24.3,37.0,85.8,DATOS SINTÉTICOS DE PRUEBA
Tumaco,Nariño,1.8067,-78.7647,38,2024,9,24.2,49.2,83.4,DATOS SINTÉTICOS DE PRUEBA
Tumaco,Nariño,1.8067,-78.7647,39,2024,7,24.2,53.4,90.8,DATOS SINTÉTICOS DE PRUEBA
Tumaco,Nariño,1.8067,-78.7647,40,2024,8,24.2,35.5,79.6,DATOS SINTÉTICOS DE PRUEBA
Tumaco,Nariño,1.8067,-78.7647,41,2024,6,24.3,72.1,76.2,DATOS SINTÉTICOS DE PRUEBA
Tumaco,Nariño,1.8067,-78.7647,42,2024,9,24.3,66.3,89.4,DATOS SINTÉTICOS DE PRUEBA
Tumaco,Nariño,1.8067,-78.7647,43,2024,6,24.4,62.2,86.0,DATOS SINTÉTICOS DE PRUEBA
Tumaco,Nariño,1.8067,-78.7647,44,2024,5,24.5,91.3,84.1,DATOS SINTÉTICOS DE PRUEBA
Tumaco,Nariño,1.8067,-78.7647,45,2024,9,24.7,106.1,81.3,DATOS SINTÉTICOS DE PRUEBA
Tumaco,Nariño,1.8067,-78.7647,46,2024,6,24.8,78.1,86.5,DATOS SINTÉTICOS DE PRUEBA
Tumaco,Nariño,1.8067,-78.7647,47,2024,5,25.0,79.3,84.9,DATOS SINTÉTICOS DE PRUEBA
Tumaco,Nariño,1.8067,-78.7647,48,2024,5,25.2,91.8,89.8,DATOS SINTÉTICOS DE PRUEBA
Tumaco,Nariño,1.8067,-78.7647,49,2024,6,25.4,86.8,92.0,DATOS SINTÉTICOS DE PRUEBA
Tumaco,Nariño,1.8067,-78.7647,50,2024,6,25.6,112.4,87.6,DATOS SINTÉTICOS DE PRUEBA
Tumaco,Nariño,1.8067,-78.7647,51,2024,6,25.8,96.1,80.4,DATOS SINTÉTICOS DE PRUEBA
Tumaco,Nariño,1.8067,-78.7647,52,2024,7,26.0,156.7,80.6,DATOS SINTÉTICOS DE PRUEBA
Tumaco,Nariño,1.8067,-78.7647,1,2025,9,26.2,120.6,90.0,DATOS SINTÉTICOS DE PRUEBA
Tumaco,Nariño,1.8067,-78.7647,2,2025,6,26.4,131.2,80.9,DATOS SINTÉTICOS DE PRUEBA
Tumaco,Nariño,1.8067,-78.7647,3,2025,6,26.6,155.2,88.8,DATOS SINTÉTICOS DE PRUEBA
Tumaco,Nariño,1.8067,-78.7647,4,2025,7,26.8,132.0,80.9,DATOS SINTÉTICOS DE PRUEBA
Tumaco,Nariño,1.8067,-78.7647,5,2025,8,27.0,156.2,88.0,DATOS SINTÉTICOS DE PRUEBA
Tumaco,Nariño,1.8067,-78.7647,6,2025,7,27.2,174.0,81.8,DATOS SINTÉTICOS DE PRUEBA
Tumaco,Nariño,1.8067,-78.7647,7,2025,6,27.3,123.2,85.6,DATOS SINTÉTICOS DE PRUEBA
Tumaco,Nariño,1.8067,-78.7647,8,2025,8,27.5,145.3,85.8,DATOS SINTÉTICOS DE PRUEBA
Tumaco,Nariño,1.8067,-78.7647,9,2025,11,27.6,181.3,88.5,DATOS SINTÉTICOS DE PRUEBA
Tumaco,Nariño,1.8067,-78.7647,10,2025,6,27.7,147.2,83.7,DATOS SINTÉTICOS DE PRUEBA
Tumaco,Nariño,1.8067,-78.7647,11,2025,9,27.7,157.2,85.0,DATOS SINTÉTICOS DE PRUEBA
Tumaco,Nariño,1.8067,-78.7647,12,2025,8,27.8,119.8,83.9,DATOS SINTÉTICOS DE PRUEBA
Tumaco,Nariño,1.8067,-78.7647,13,2025,10,27.8,146.8,90.8,DATOS SINTÉTICOS DE PRUEBA
Tumaco,Nariño,1.8067,-78.7647,14,2025,9,27.8,133.7,83.4,DATOS SINTÉTICOS DE PRUEBA
Tumaco,Nariño,1.8067,-78.7647,15,2025,7,27.7,150.6,80.5,DATOS SINTÉTICOS DE PRUEBA
Tumaco,Nariño,1.8067,-78.7647,16,2025,12,27.7,122.7,83.8,DATOS SINTÉTICOS DE PRUEBA
Tumaco,Nariño,1.8067,-78.7647,17,2025,9,27.6,139.5,89.6,DATOS SINTÉTICOS DE PRUEBA
Tumaco,Nariño,1.8067,-78.7647,18,2025,11,27.5,156.7,82.6,DATOS SINTÉTICOS DE PRUEBA
Tumaco,Nariño,1.8067,-78.7647,19,2025,12,27.3,141.6,84.2,DATOS SINTÉTICOS DE PRUEBA
Tumaco,Nariño,1.8067,-78.7647,20,2025,11,27.2,126.6,76.4,DATOS SINTÉTICOS DE PRUEBA
Tumaco,Nariño,1.8067,-78.7647,21,2025,10,27.0,108.1,83.6,DATOS SINTÉTICOS DE PRUEBA
Tumaco,Nariño,1.8067,-78.7647,22,2025,8,26.8,81.5,87.3,DATOS SINTÉTICOS DE PRUEBA
Tumaco,Nariño,1.8067,-78.7647,23,2025,11,26.6,102.1,85.2,DATOS SINTÉTICOS DE PRUEBA
Tumaco,Nariño,1.8067,-78.7647,24,2025,10,26.4,85.8,89.7,DATOS SINTÉTICOS DE PRUEBA
Tumaco,Nariño,1.8067,-78.7647,25,2025,10,26.2,103.4,78.2,DATOS SINTÉTICOS DE PRUEBA
Tumaco,Nariño,1.8067,-78.7647,26,2025,10,26.0,121.1,83.0,DATOS SINTÉTICOS DE PRUEBA
Tumaco,Nariño,1.8067,-78.7647,27,2025,8,25.8,55.0,83.7,DATOS SINTÉTICOS DE PRUEBA
Tumaco,Nariño,1.8067,-78.7647,28,2025,10,25.6,71.9,80.1,DATOS SINTÉTICOS DE PRUEBA
Tumaco,Nariño,1.8067,-78.7647,29,2025,9,25.4,76.1,84.1,DATOS SINTÉTICOS DE PRUEBA
Tumaco,Nariño,1.8067,-78.7647,30,2025,7,25.2,68.0,82.6,DATOS SINTÉTICOS DE PRUEBA
Tumaco,Nariño,1.8067,-78.7647,31,2025,10,25.0,57.4,83.4,DATOS SINTÉTICOS DE PRUEBA
Tumaco,Nariño,1.8067,-78.7647,32,2025,8,24.8,31.3,85.0,DATOS SINTÉTICOS DE PRUEBA
Tumaco,Nariño,1.8067,-78.7647,33,2025,6,24.7,35.5,84.0,DATOS SINTÉTICOS DE PRUEBA
Tumaco,Nariño,1.8067,-78.7647,34,2025,9,24.5,44.6,84.0,DATOS SINTÉTICOS DE PRUEBA
Tumaco,Nariño,1.8067,-78.7647,35,2025,10,24.4,65.2,86.2,DATOS SINTÉTICOS DE PRUEBA
Tumaco,Nariño,1.8067,-78.7647,36,2025,9,24.3,30.1,87.3,DATOS SINTÉTICOS DE PRUEBA
Tumaco,Nariño,1.8067,-78.7647,37,2025,8,24.3,78.8,83.8,DATOS SINTÉTICOS DE PRUEBA
Tumaco,Nariño,1.8067,-78.7647,38,2025,8,24.2,42.5,82.3,DATOS SINTÉTICOS DE PRUEBA
Tumaco,Nariño,1.8067,-78.7647,39,2025,8,24.2,49.5,94.2,DATOS SINTÉTICOS DE PRUEBA
Tumaco,Nariño,1.8067,-78.7647,40,2025,4,24.2,89.9,84.3,DATOS SINTÉTICOS DE PRUEBA
Tumaco,Nariño,1.8067,-78.7647,41,2025,7,24.3,36.8,83.4,DATOS SINTÉTICOS DE PRUEBA
Tumaco,Nariño,1.8067,-78.7647,42,2025,6,24.3,82.5,89.7,DATOS SINTÉTICOS DE PRUEBA
Tumaco,Nariño,1.8067,-78.7647,43,2025,7,24.4,72.4,84.8,DATOS SINTÉTICOS DE PRUEBA
Tumaco,Nariño,1.8067,-78.7647,44,2025,7,24.5,73.7,91.8,DATOS SINTÉTICOS DE PRUEBA
Tumaco,Nariño,1.8067,-78.7647,45,2025,7,24.7,94.9,87.7,DATOS SINTÉTICOS DE PRUEBA
Tumaco,Nariño,1.8067,-78.7647,46,2025,6,24.8,89.4,83.7,DATOS SINTÉTICOS DE PRUEBA
Tumaco,Nariño,1.8067,-78.7647,47,2025,5,25.0,95.9,87.2,DATOS SINTÉTICOS DE PRUEBA
Tumaco,Nariño,1.8067,-78.7647,48,2025,6,25.2,70.6,93.0,DATOS SINTÉTICOS DE PRUEBA
Tumaco,Nariño,1.8067,-78.7647,49,2025,5,25.4,82.2,82.5,DATOS SINTÉTICOS DE PRUEBA
Tumaco,Nariño,1.8067,-78.7647,50,2025,5,25.6,124.7,92.5,DATOS SINTÉTICOS DE PRUEBA
Tumaco,Nariño,1.8067,-78.7647,51,2025,7,25.8,116.3,90.1,DATOS SINTÉTICOS DE PRUEBA
Tumaco,Nariño,1.8067,-78.7647,52,2025,6,26.0,129.5,86.3,DATOS SINTÉTICOS DE PRUEBA
Túquerres,Nariño,1.0865,-77.6186,1,2023,1,10.4,121.0,86.2,DATOS SINTÉTICOS DE PRUEBA
Túquerres,Nariño,1.0865,-77.6186,2,2023,0,10.6,144.9,84.2,DATOS SINTÉTICOS DE PRUEBA
Túquerres,Nariño,1.0865,-77.6186,3,2023,3,10.8,124.4,83.9,DATOS SINTÉTICOS DE PRUEBA
Túquerres,Nariño,1.0865,-77.6186,4,2023,4,11.0,141.3,78.1,DATOS SINTÉTICOS DE PRUEBA
Túquerres,Nariño,1.0865,-77.6186,5,2023,3,11.2,140.0,77.0,DATOS SINTÉTICOS DE PRUEBA
Túquerres,Nariño,1.0865,-77.6186,6,2023,4,11.4,157.2,76.2,DATOS SINTÉTICOS DE PRUEBA
Túquerres,Nariño,1.0865,-77.6186,7,2023,2,11.5,160.2,74.2,DATOS SINTÉTICOS DE PRUEBA
Túquerres,Nariño,1.0865,-77.6186,8,2023,3,11.7,146.9,78.8,DATOS SINTÉTICOS DE PRUEBA
Túquerres,Nariño,1.0865,-77.6186,9,2023,5,11.8,167.0,79.7,DATOS SINTÉTICOS DE PRUEBA
Túquerres,Nariño,1.0865,-77.6186,10,2023,2,11.9,156.6,82.8,DATOS SINTÉTICOS DE PRUEBA
Túquerres,Nariño,1.0865,-77.6186,11,2023,4,11.9,160.8,74.7,DATOS SINTÉTICOS DE PRUEBA
Túquerres,Nariño,1.0865,-77.6186,12,2023,4,12.0,174.2,86.2,DATOS SINTÉTICOS DE PRUEBA
Túquerres,Nariño,1.0865,-77.6186,13,2023,5,12.0,153.1,79.5,DATOS SINTÉTICOS DE PRUEBA
Túquerres,Nariño,1.0865,-77.6186,14,2023,3,12.0,180.2,77.1,DATOS SINTÉTICOS DE PRUEBA
Túquerres,Nariño,1.0865,-77.6186,15,2023,3,11.9,129.0,76.2,DATOS SINTÉTICOS DE PRUEBA
Túquerres,Nariño,1.0865,-77.6186,16,2023,3,11.9,136.3,74.8,DATOS SINTÉTICOS DE PRUEBA
Túquerres,Nariño,1.0865,-77.6186,17,2023,3,11.8,133.2,74.8,DATOS SINTÉTICOS DE PRUEBA
Túquerres,Nariño,1.0865,-77.6186,18,2023,4,11.7,129.2,84.2,DATOS SINTÉTICOS DE PRUEBA
Túquerres,Nariño,1.0865,-77.6186,19,2023,4,11.5,112.8,79.0,DATOS SINTÉTICOS DE PRUEBA
Túquerres,Nariño,1.0865,-77.6186,20,2023,5,11.4,130.2,79.9,DATOS SINTÉTICOS DE PRUEBA
Túquerres,Nariño,1.0865,-77.6186,21,2023,3,11.2,107.7,73.3,DATOS SINTÉTICOS DE PRUEBA
Túquerres,Nariño,1.0865,-77.6186,22,2023,2,11.0,108.8,86.8,DATOS SINTÉTICOS DE PRUEBA
Túquerres,Nariño,1.0865,-77.6186,23,2023,5,10.8,111.0,88.5,DATOS SINTÉTICOS DE PRUEBA
Túquerres,Nariño,1.0865,-77.6186,24,2023,5,10.6,112.7,81.0,DATOS SINTÉTICOS DE PRUEBA
Túquerres,Nariño,1.0865,-77.6186,25,2023,5,10.4,85.6,79.9,DATOS SINTÉTICOS DE PRUEBA
Túquerres,Nariño,1.0865,-77.6186,26,2023,2,10.2,109.5,89.8,DATOS SINTÉTICOS DE PRUEBA
Túquerres,Nariño,1.0865,-77.6186,27,2023,4,10.0,32.6,77.4,DATOS SINTÉTICOS DE PRUEBA
Túquerres,Nariño,1.0865,-77.6186,28,2023,4,9.8,91.8,80.1,DATOS SINTÉTICOS DE PRUEBA
Túquerres,Nariño,1.0865,-77.6186,29,2023,4,9.6,78.6,77.8,DATOS SINTÉTICOS DE PRUEBA
Túquerres,Nariño,1.0865,-77.6186,30,2023,4,9.4,56.8,86.3,DATOS SINTÉTICOS DE PRUEBA
Túquerres,Nariño,1.0865,-77.6186,31,2023,4,9.2,63.0,77.6,DATOS SINTÉTICOS DE PRUEBA
Túquerres,Nariño,1.0865,-77.6186,32,2023,3,9.0,35.5,76.6,DATOS SINTÉTICOS DE PRUEBA
Túquerres,Nariño,1.0865,-77.6186,33,2023,4,8.9,59.4,74.1,DATOS SINTÉTICOS DE PRUEBA
Túquerres,Nariño,1.0865,-77.6186,34,2023,5,8.7,22.0,82.6,DATOS SINTÉTICOS DE PRUEBA
Túquerres,Nariño,1.0865,-77.6186,35,2023,3,8.6,56.2,77.4,DATOS SINTÉTICOS DE PRUEBA
Túquerres,Nariño,1.0865,-77.6186,36,2023,4,8.5,55.3,81.9,DATOS SINTÉTICOS DE PRUEBA
Túquerres,Nariño,1.0865,-77.6186,37,2023,3,8.5,45.1,77.4,DATOS SINTÉTICOS DE PRUEBA
Túquerres,Nariño,1.0865,-77.6186,38,2023,0,8.4,33.2,84.4,DATOS SINTÉTICOS DE PRUEBA
Túquerres,Nariño,1.0865,-77.6186,39,2023,4,8.4,35.1,75.2,DATOS SINTÉTICOS DE PRUEBA
Túquerres,Nariño,1.0865,-77.6186,40,2023,1,8.4,56.1,71.6,DATOS SINTÉTICOS DE PRUEBA
Túquerres,Nariño,1.0865,-77.6186,41,2023,5,8.5,46.9,78.2,DATOS SINTÉTICOS DE PRUEBA
Túquerres,Nariño,1.0865,-77.6186,42,2023,3,8.5,103.0,84.6,DATOS SINTÉTICOS DE PRUEBA
Túquerres,Nariño,1.0865,-77.6186,43,2023,3,8.6,86.2,86.5,DATOS SINTÉTICOS DE PRUEBA
Túquerres,Nariño,1.0865,-77.6186,44,2023,1,8.7,82.9,81.6,DATOS SINTÉTICOS DE PRUEBA
Túquerres,Nariño,1.0865,-77.6186,45,2023,3,8.9,81.7,78.7,DATOS SINTÉTICOS DE PRUEBA
Túquerres,Nariño,1.0865,-77.6186,46,2023,0,9.0,83.0,81.3,DATOS SINTÉTICOS DE PRUEBA
Túquerres,Nariño,1.0865,-77.6186,47,2023,1,9.2,108.2,82.8,DATOS SINTÉTICOS DE PRUEBA
Túquerres,Nariño,1.0865,-77.6186,48,2023,3,9.4,87.5,76.9,DATOS SINTÉTICOS DE PRUEBA
Túquerres,Nariño,1.0865,-77.6186,49,2023,4,9.6,81.6,80.8,DATOS SINTÉTICOS DE PRUEBA
Túquerres,Nariño,1.0865,-77.6186,50,2023,2,9.8,105.2,82.1,DATOS SINTÉTICOS DE PRUEBA
Túquerres,Nariño,1.0865,-77.6186,51,2023,4,10.0,91.0,72.3,DATOS SINTÉTICOS DE PRUEBA
Túquerres,Nariño,1.0865,-77.6186,52,2023,3,10.2,133.9,78.3,DATOS SINTÉTICOS DE PRUEBA
Túquerres,Nariño,1.0865,-77.6186,1,2024,0,10.4,139.3,82.5,DATOS SINTÉTICOS DE PRUEBA
Túquerres,Nariño,1.0865,-77.6186,2,2024,2,10.6,168.0,80.6,DATOS SINTÉTICOS DE PRUEBA
Túquerres,Nariño,1.0865,-77.6186,3,2024,0,10.8,168.6,72.6,DATOS SINTÉTICOS DE PRUEBA
Túquerres,Nariño,1.0865,-77.6186,4,2024,2,11.0,140.8,78.2,DATOS SINTÉTICOS DE PRUEBA
Túquerres,Nariño,1.0865,-77.6186,5,2024,6,11.2,142.5,87.9,DATOS SINTÉTICOS DE PRUEBA
Túquerres,Nariño,1.0865,-77.6186,6,2024,4,11.4,111.2,77.1,DATOS SINTÉTICOS DE PRUEBA
Túquerres,Nariño,1.0865,-77.6186,7,2024,4,11.5,131.7,73.0,DATOS SINTÉTICOS DE PRUEBA
Túquerres,Nariño,1.0865,-77.6186,8,2024,5,11.7,161.4,72.8,DATOS SINTÉTICOS DE PRUEBA
Túquerres,Nariño,1.0865,-77.6186,9,2024,1,11.8,187.9,77.6,DATOS SINTÉTICOS DE PRUEBA
Túquerres,Nariño,1.0865,-77.6186,10,2024,3,11.9,138.2,78.7,DATOS SINTÉTICOS DE PRUEBA
Túquerres,Nariño,1.0865,-77.6186,11,2024,3,11.9,142.8,78.7,DATOS SINTÉTICOS DE PRUEBA
Túquerres,Nariño,1.0865,-77.6186,12,2024,6,12.0,165.3,81.0,DATOS SINTÉTICOS DE PRUEBA
Túquerres,Nariño,1.0865,-77.6186,13,2024,3,12.0,221.7,82.8,DATOS SINTÉTICOS DE PRUEBA
Túquerres,Nariño,1.0865,-77.6186,14,2024,5,12.0,154.3,83.0,DATOS SINTÉTICOS DE PRUEBA
Túquerres,Nariño,1.0865,-77.6186,15,2024,6,11.9,149.3,77.1,DATOS SINTÉTICOS DE PRUEBA
Túquerres,Nariño,1.0865,-77.6186,16,2024,2,11.9,144.4,83.0,DATOS SINTÉTICOS DE PRUEBA
Túquerres,Nariño,1.0865,-77.6186,17,2024,1,11.8,136.4,80.3,DATOS SINTÉTICOS DE PRUEBA
Túquerres,Nariño,1.0865,-77.6186,18,2024,4,11.7,99.5,85.5,DATOS SINTÉTICOS DE PRUEBA
Túquerres,Nariño,1.0865,-77.6186,19,2024,4,11.5,122.2,79.8,DATOS SINTÉTICOS DE PRUEBA
Túquerres,Nariño,1.0865,-77.6186,20,2024,3,11.4,100.1,88.3,DATOS SINTÉTICOS DE PRUEBA
Túquerres,Nariño,1.0865,-77.6186,21,2024,6,11.2,153.5,86.7,DATOS SINTÉTICOS DE PRUEBA
Túquerres,Nariño,1.0865,-77.6186,22,2024,3,11.0,105.6,82.5,DATOS SINTÉTICOS DE PRUEBA
Túquerres,Nariño,1.0865,-77.6186,23,2024,6,10.8,86.4,75.9,DATOS SINTÉTICOS DE PRUEBA
Túquerres,Nariño,1.0865,-77.6186,24,2024,2,10.6,78.7,78.6,DATOS SINTÉTICOS DE PRUEBA
Túquerres,Nariño,1.0865,-77.6186,25,2024,4,10.4,60.1,76.2,DATOS SINTÉTICOS DE PRUEBA
Túquerres,Nariño,1.0865,-77.6186,26,2024,5,10.2,89.0,77.7,DATOS SINTÉTICOS DE PRUEBA
Túquerres,Nariño,1.0865,-77.6186,27,2024,3,10.0,88.2,77.4,DATOS SINTÉTICOS DE PRUEBA
Túquerres,Nariño,1.0865,-77.6186,28,2024,2,9.8,79.5,78.9,DATOS SINTÉTICOS DE PRUEBA
Túquerres,Nariño,1.0865,-77.6186,29,2024,3,9.6,31.4,82.1,DATOS SINTÉTICOS DE PRUEBA
Túquerres,Nariño,1.0865,-77.6186,30,2024,3,9.4,68.1,71.4,DATOS SINTÉTICOS DE PRUEBA
Túquerres,Nariño,1.0865,-77.6186,31,2024,2,9.2,66.1,78.1,DATOS SINTÉTICOS DE PRUEBA
Túquerres,Nariño,1.0865,-77.6186,32,2024,2,9.0,61.5,78.4,DATOS SINTÉTICOS DE PRUEBA
Túquerres,Nariño,1.0865,-77.6186,33,2024,3,8.9,8.6,83.5,DATOS SINTÉTICOS DE PRUEBA
Túquerres,Nariño,1.0865,-77.6186,34,2024,2,8.7,17.1,72.6,DATOS SINTÉTICOS DE PRUEBA
Túquerres,Nariño,1.0865,-77.6186,35,2024,2,8.6,64.5,76.4,DATOS SINTÉTICOS DE PRUEBA
Túquerres,Nariño,1.0865,-77.6186,36,2024,0,8.5,8.7,78.3,DATOS SINTÉTICOS DE PRUEBA
Túquerres,Nariño,1.0865,-77.6186,37,2024,3,8.5,37.4,76.2,DATOS SINTÉTICOS DE PRUEBA
Túquerres,Nariño,1.0865,-77.6186,38,2024,3,8.4,29.2,80.1,DATOS SINTÉTICOS DE PRUEBA
Túquerres,Nariño,1.0865,-77.6186,39,2024,3,8.4,35.8,84.5,DATOS SINTÉTICOS DE PRUEBA
Túquerres,Nariño,1.0865,-77.6186,40,2024,1,8.4,34.3,85.5,DATOS SINTÉTICOS DE PRUEBA
Túquerres,Nariño,1.0865,-77.6186,41,2024,5,8.5,95.6,78.7,DATOS SINTÉTICOS DE PRUEBA
Túquerres,Nariño,1.0865,-77.6186,42,2024,3,8.5,50.2,84.0,DATOS SINTÉTICOS DE PRUEBA
Túquerres,Nariño,1.0865,-77.6186,43,2024,3,8.6,35.7,83.2,DATOS SINTÉTICOS DE PRUEBA
Túquerres,Nariño,1.0865,-77.6186,44,2024,2,8.7,63.7,78.3,DATOS SINTÉTICOS DE PRUEBA
Túquerres,Nariño,1.0865,-77.6186,45,2024,0,8.9,64.1,79.6,DATOS SINTÉTICOS DE PRUEBA
Túquerres,Nariño,1.0865,-77.6186,46,2024,4,9.0,98.5,83.3,DATOS SINTÉTICOS DE PRUEBA
Túquerres,Nariño,1.0865,-77.6186,47,2024,4,9.2,96.9,78.8,DATOS SINTÉTICOS DE PRUEBA
Túquerres,Nariño,1.0865,-77.6186,48,2024,5,9.4,81.0,82.1,DATOS SINTÉTICOS DE PRUEBA
Túquerres,Nariño,1.0865,-77.6186,49,2024,3,9.6,106.9,91.2,DATOS SINTÉTICOS DE PRUEBA
Túquerres,Nariño,1.0865,-77.6186,50,2024,3,9.8,161.0,84.3,DATOS SINTÉTICOS DE PRUEBA
Túquerres,Nariño,1.0865,-77.6186,51,2024,4,10.0,97.2,76.3,DATOS SINTÉTICOS DE PRUEBA
Túquerres,Nariño,1.0865,-77.6186,52,2024,4,10.2,116.8,71.0,DATOS SINTÉTICOS DE PRUEBA
Túquerres,Nariño,1.0865,-77.6186,1,2025,4,10.4,113.0,78.2,DATOS SINTÉTICOS DE PRUEBA
Túquerres,Nariño,1.0865,-77.6186,2,2025,2,10.6,129.0,79.1,DATOS SINTÉTICOS DE PRUEBA
Túquerres,Nariño,1.0865,-77.6186,3,2025,5,10.8,115.3,78.3,DATOS SINTÉTICOS DE PRUEBA
Túquerres,Nariño,1.0865,-77.6186,4,2025,2,11.0,158.1,77.4,DATOS SINTÉTICOS DE PRUEBA
Túquerres,Nariño,1.0865,-77.6186,5,2025,2,11.2,117.2,81.1,DATOS SINTÉTICOS DE PRUEBA
Túquerres,Nariño,1.0865,-77.6186,6,2025,3,11.4,165.0,79.6,DATOS SINTÉTICOS DE PRUEBA
Túquerres,Nariño,1.0865,-77.6186,7,2025,2,11.5,139.1,81.9,DATOS SINTÉTICOS DE PRUEBA
Túquerres,Nariño,1.0865,-77.6186,8,2025,3,11.7,195.9,73.3,DATOS SINTÉTICOS DE PRUEBA
Túquerres,Nariño,1.0865,-77.6186,9,2025,3,11.8,153.2,82.9,DATOS SINTÉTICOS DE PRUEBA
Túquerres,Nariño,1.0865,-77.6186,10,2025,4,11.9,154.5,79.3,DATOS SINTÉTICOS DE PRUEBA
Túquerres,Nariño,1.0865,-77.6186,11,2025,2,11.9,172.8,83.1,DATOS SINTÉTICOS DE PRUEBA
Túquerres,Nariño,1.0865,-77.6186,12,2025,2,12.0,152.4,79.8,DATOS SINTÉTICOS DE PRUEBA
Túquerres,Nariño,1.0865,-77.6186,13,2025,4,12.0,153.4,80.0,DATOS SINTÉTICOS DE PRUEBA
Túquerres,Nariño,1.0865,-77.6186,14,2025,3,12.0,138.2,82.4,DATOS SINTÉTICOS DE PRUEBA
Túquerres,Nariño,1.0865,-77.6186,15,2025,1,11.9,129.8,75.4,DATOS SINTÉTICOS DE PRUEBA
Túquerres,Nariño,1.0865,-77.6186,16,2025,3,11.9,171.4,82.6,DATOS SINTÉTICOS DE PRUEBA
Túquerres,Nariño,1.0865,-77.6186,17,2025,4,11.8,109.4,76.2,DATOS SINTÉTICOS DE PRUEBA
Túquerres,Nariño,1.0865,-77.6186,18,2025,2,11.7,135.3,78.0,DATOS SINTÉTICOS DE PRUEBA
Túquerres,Nariño,1.0865,-77.6186,19,2025,3,11.5,85.6,80.5,DATOS SINTÉTICOS DE PRUEBA
Túquerres,Nariño,1.0865,-77.6186,20,2025,5,11.4,110.2,85.0,DATOS SINTÉTICOS DE PRUEBA
Túquerres,Nariño,1.0865,-77.6186,21,2025,3,11.2,102.9,84.5,DATOS SINTÉTICOS DE PRUEBA
Túquerres,Nariño,1.0865,-77.6186,22,2025,4,11.0,84.2,85.3,DATOS SINTÉTICOS DE PRUEBA
Túquerres,Nariño,1.0865,-77.6186,23,2025,4,10.8,108.8,85.0,DATOS SINTÉTICOS DE PRUEBA
Túquerres,Nariño,1.0865,-77.6186,24,2025,3,10.6,77.7,81.4,DATOS SINTÉTICOS DE PRUEBA
Túquerres,Nariño,1.0865,-77.6186,25,2025,2,10.4,85.6,78.9,DATOS SINTÉTICOS DE PRUEBA
Túquerres,Nariño,1.0865,-77.6186,26,2025,3,10.2,49.9,80.6,DATOS SINTÉTICOS DE PRUEBA
Túquerres,Nariño,1.0865,-77.6186,27,2025,3,10.0,79.0,82.0,DATOS SINTÉTICOS DE PRUEBA
Túquerres,Nariño,1.0865,-77.6186,28,2025,2,9.8,60.1,74.8,DATOS SINTÉTICOS DE PRUEBA
Túquerres,Nariño,1.0865,-77.6186,29,2025,5,9.6,53.3,77.4,DATOS SINTÉTICOS DE PRUEBA
Túquerres,Nariño,1.0865,-77.6186,30,2025,5,9.4,53.6,86.7,DATOS SINTÉTICOS DE PRUEBA
Túquerres,Nariño,1.0865,-77.6186,31,2025,4,9.2,73.3,78.5,DATOS SINTÉTICOS DE PRUEBA
Túquerres,Nariño,1.0865,-77.6186,32,2025,4,9.0,74.4,79.1,DATOS SINTÉTICOS DE PRUEBA
Túquerres,Nariño,1.0865,-77.6186,33,2025,6,8.9,36.9,84.9,DATOS SINTÉTICOS DE PRUEBA
Túquerres,Nariño,1.0865,-77.6186,34,2025,4,8.7,62.6,76.2,DATOS SINTÉTICOS DE PRUEBA
Túquerres,Nariño,1.0865,-77.6186,35,2025,4,8.6,52.3,75.1,DATOS SINTÉTICOS DE PRUEBA
Túquerres,Nariño,1.0865,-77.6186,36,2025,2,8.5,59.9,82.2,DATOS SINTÉTICOS DE PRUEBA
Túquerres,Nariño,1.0865,-77.6186,37,2025,6,8.5,60.1,78.6,DATOS SINTÉTICOS DE PRUEBA
Túquerres,Nariño,1.0865,-77.6186,38,2025,0,8.4,39.7,78.9,DATOS SINTÉTICOS DE PRUEBA
Túquerres,Nariño,1.0865,-77.6186,39,2025,5,8.4,83.6,82.5,DATOS SINTÉTICOS DE PRUEBA
Túquerres,Nariño,1.0865,-77.6186,40,2025,5,8.4,73.0,75.4,DATOS SINTÉTICOS DE PRUEBA
Túquerres,Nariño,1.0865,-77.6186,41,2025,4,8.5,30.3,85.4,DATOS SINTÉTICOS DE PRUEBA
Túquerres,Nariño,1.0865,-77.6186,42,2025,2,8.5,42.1,73.5,DATOS SINTÉTICOS DE PRUEBA
Túquerres,Nariño,1.0865,-77.6186,43,2025,2,8.6,79.1,84.4,DATOS SINTÉTICOS DE PRUEBA
Túquerres,Nariño,1.0865,-77.6186,44,2025,1,8.7,77.5,82.9,DATOS SINTÉTICOS DE PRUEBA
Túquerres,Nariño,1.0865,-77.6186,45,2025,4,8.9,87.4,80.2,DATOS SINTÉTICOS DE PRUEBA
Túquerres,Nariño,1.0865,-77.6186,46,2025,2,9.0,67.3,80.3,DATOS SINTÉTICOS DE PRUEBA
Túquerres,Nariño,1.0865,-77.6186,47,2025,3,9.2,69.1,85.8,DATOS SINTÉTICOS DE PRUEBA
Túquerres,Nariño,1.0865,-77.6186,48,2025,3,9.4,116.2,79.3,DATOS SINTÉTICOS DE PRUEBA
Túquerres,Nariño,1.0865,-77.6186,49,2025,4,9.6,91.8,81.1,DATOS SINTÉTICOS DE PRUEBA
Túquerres,Nariño,1.0865,-77.6186,50,2025,0,9.8,136.2,83.7,DATOS SINTÉTICOS DE PRUEBA
Túquerres,Nariño,1.0865,-77.6186,51,2025,4,10.0,106.8,81.1,DATOS SINTÉTICOS DE PRUEBA
Túquerres,Nariño,1.0865,-77.6186,52,2025,3,10.2,124.7,73.8,DATOS SINTÉTICOS DE PRUEBA
Samaniego,Nariño,1.3365,-77.595,1,2023,3,18.2,106.4,71.9,DATOS SINTÉTICOS DE PRUEBA
Samaniego,Nariño,1.3365,-77.595,2,2023,1,18.4,147.1,82.1,DATOS SINTÉTICOS DE PRUEBA
Samaniego,Nariño,1.3365,-77.595,3,2023,4,18.6,160.6,84.8,DATOS SINTÉTICOS DE PRUEBA
Samaniego,Nariño,1.3365,-77.595,4,2023,5,18.8,151.9,85.0,DATOS SINTÉTICOS DE PRUEBA
Samaniego,Nariño,1.3365,-77.595,5,2023,1,19.0,125.8,89.7,DATOS SINTÉTICOS DE PRUEBA
Samaniego,Nariño,1.3365,-77.595,6,2023,0,19.2,161.6,78.0,DATOS SINTÉTICOS DE PRUEBA
Samaniego,Nariño,1.3365,-77.595,7,2023,3,19.3,146.1,80.7,DATOS SINTÉTICOS DE PRUEBA
Samaniego,Nariño,1.3365,-77.595,8,2023,2,19.5,158.7,84.7,DATOS SINTÉTICOS DE PRUEBA
Samaniego,Nariño,1.3365,-77.595,9,2023,3,19.6,157.9,89.2,DATOS SINTÉTICOS DE PRUEBA
Samaniego,Nariño,1.3365,-77.595,10,2023,3,19.7,155.7,83.4,DATOS SINTÉTICOS DE PRUEBA
Samaniego,Nariño,1.3365,-77.595,11,2023,0,19.7,189.4,89.1,DATOS SINTÉTICOS DE PRUEBA
Samaniego,Nariño,1.3365,-77.595,12,2023,1,19.8,188.4,82.2,DATOS SINTÉTICOS DE PRUEBA
Samaniego,Nariño,1.3365,-77.595,13,2023,1,19.8,173.2,87.9,DATOS SINTÉTICOS DE PRUEBA
Samaniego,Nariño,1.3365,-77.595,14,2023,2,19.8,159.7,88.1,DATOS SINTÉTICOS DE PRUEBA
Samaniego,Nariño,1.3365,-77.595,15,2023,1,19.7,116.4,83.6,DATOS SINTÉTICOS DE PRUEBA
Samaniego,Nariño,1.3365,-77.595,16,2023,3,19.7,131.3,89.5,DATOS SINTÉTICOS DE PRUEBA
Samaniego,Nariño,1.3365,-77.595,17,2023,2,19.6,149.1,83.6,DATOS SINTÉTICOS DE PRUEBA
Samaniego,Nariño,1.3365,-77.595,18,2023,1,19.5,147.9,89.6,DATOS SINTÉTICOS DE PRUEBA
Samaniego,Nariño,1.3365,-77.595,19,2023,2,19.3,104.2,93.1,DATOS SINTÉTICOS DE PRUEBA
Samaniego,Nariño,1.3365,-77.595,20,2023,3,19.2,120.5,86.6,DATOS SINTÉTICOS DE PRUEBA
Samaniego,Nariño,1.3365,-77.595,21,2023,7,19.0,95.5,82.7,DATOS SINTÉTICOS DE PRUEBA
Samaniego,Nariño,1.3365,-77.595,22,2023,3,18.8,80.6,78.4,DATOS SINTÉTICOS DE PRUEBA
Samaniego,Nariño,1.3365,-77.595,23,2023,2,18.6,73.1,76.7,DATOS SINTÉTICOS DE PRUEBA
Samaniego,Nariño,1.3365,-77.595,24,2023,4,18.4,109.1,81.2,DATOS SINTÉTICOS DE PRUEBA
Samaniego,Nariño,1.3365,-77.595,25,2023,2,18.2,54.9,84.8,DATOS SINTÉTICOS DE PRUEBA
Samaniego,Nariño,1.3365,-77.595,26,2023,0,18.0,67.6,83.5,DATOS SINTÉTICOS DE PRUEBA
Samaniego,Nariño,1.3365,-77.595,27,2023,0,17.8,63.5,89.8,DATOS SINTÉTICOS DE PRUEBA
Samaniego,Nariño,1.3365,-77.595,28,2023,2,17.6,37.7,91.8,DATOS SINTÉTICOS DE PRUEBA
Samaniego,Nariño,1.3365,-77.595,29,2023,3,17.4,16.7,76.8,DATOS SINTÉTICOS DE PRUEBA
Samaniego,Nariño,1.3365,-77.595,30,2023,4,17.2,69.1,83.7,DATOS SINTÉTICOS DE PRUEBA
Samaniego,Nariño,1.3365,-77.595,31,2023,4,17.0,25.2,84.0,DATOS SINTÉTICOS DE PRUEBA
Samaniego,Nariño,1.3365,-77.595,32,2023,2,16.8,55.2,79.8,DATOS SINTÉTICOS DE PRUEBA
Samaniego,Nariño,1.3365,-77.595,33,2023,4,16.7,31.7,76.8,DATOS SINTÉTICOS DE PRUEBA
Samaniego,Nariño,1.3365,-77.595,34,2023,3,16.5,76.9,80.1,DATOS SINTÉTICOS DE PRUEBA
Samaniego,Nariño,1.3365,-77.595,35,2023,0,16.4,42.3,80.3,DATOS SINTÉTICOS DE PRUEBA
Samaniego,Nariño,1.3365,-77.595,36,2023,2,16.3,56.0,77.1,DATOS SINTÉTICOS DE PRUEBA
Samaniego,Nariño,1.3365,-77.595,37,2023,1,16.3,21.0,85.8,DATOS SINTÉTICOS DE PRUEBA
Samaniego,Nariño,1.3365,-77.595,38,2023,2,16.2,77.3,81.7,DATOS SINTÉTICOS DE PRUEBA
Samaniego,Nariño,1.3365,-77.595,39,2023,3,16.2,40.4,78.8,DATOS SINTÉTICOS DE PRUEBA
Samaniego,Nariño,1.3365,-77.595,40,2023,1,16.2,59.0,90.0,DATOS SINTÉTICOS DE PRUEBA
Samaniego,Nariño,1.3365,-77.595,41,2023,1,16.3,36.8,86.5,DATOS SINTÉTICOS DE PRUEBA
Samaniego,Nariño,1.3365,-77.595,42,2023,0,16.3,18.8,84.4,DATOS SINTÉTICOS DE PRUEBA
Samaniego,Nariño,1.3365,-77.595,43,2023,3,16.4,81.5,84.1,DATOS SINTÉTICOS DE PRUEBA
Samaniego,Nariño,1.3365,-77.595,44,2023,0,16.5,84.0,86.5,DATOS SINTÉTICOS DE PRUEBA
Samaniego,Nariño,1.3365,-77.595,45,2023,0,16.7,94.1,82.5,DATOS SINTÉTICOS DE PRUEBA
Samaniego,Nariño,1.3365,-77.595,46,2023,0,16.8,96.7,83.8,DATOS SINTÉTICOS DE PRUEBA
Samaniego,Nariño,1.3365,-77.595,47,2023,2,17.0,125.6,79.2,DATOS SINTÉTICOS DE PRUEBA
Samaniego,Nariño,1.3365,-77.595,48,2023,2,17.2,97.6,84.7,DATOS SINTÉTICOS DE PRUEBA
Samaniego,Nariño,1.3365,-77.595,49,2023,0,17.4,69.1,74.1,DATOS SINTÉTICOS DE PRUEBA
Samaniego,Nariño,1.3365,-77.595,50,2023,1,17.6,85.7,73.2,DATOS SINTÉTICOS DE PRUEBA
Samaniego,Nariño,1.3365,-77.595,51,2023,1,17.8,102.2,82.4,DATOS SINTÉTICOS DE PRUEBA
Samaniego,Nariño,1.3365,-77.595,52,2023,0,18.0,112.2,80.6,DATOS SINTÉTICOS DE PRUEBA
Samaniego,Nariño,1.3365,-77.595,1,2024,1,18.2,96.1,82.5,DATOS SINTÉTICOS DE PRUEBA
Samaniego,Nariño,1.3365,-77.595,2,2024,0,18.4,109.6,80.4,DATOS SINTÉTICOS DE PRUEBA
Samaniego,Nariño,1.3365,-77.595,3,2024,3,18.6,134.4,83.9,DATOS SINTÉTICOS DE PRUEBA
Samaniego,Nariño,1.3365,-77.595,4,2024,2,18.8,165.6,85.0,DATOS SINTÉTICOS DE PRUEBA
Samaniego,Nariño,1.3365,-77.595,5,2024,4,19.0,146.4,92.5,DATOS SINTÉTICOS DE PRUEBA
Samaniego,Nariño,1.3365,-77.595,6,2024,3,19.2,162.0,87.8,DATOS SINTÉTICOS DE PRUEBA
Samaniego,Nariño,1.3365,-77.595,7,2024,2,19.3,163.3,86.9,DATOS SINTÉTICOS DE PRUEBA
Samaniego,Nariño,1.3365,-77.595,8,2024,2,19.5,172.2,84.2,DATOS SINTÉTICOS DE PRUEBA
Samaniego,Nariño,1.3365,-77.595,9,2024,1,19.6,142.9,86.8,DATOS SINTÉTICOS DE PRUEBA
Samaniego,Nariño,1.3365,-77.595,10,2024,3,19.7,132.5,80.4,DATOS SINTÉTICOS DE PRUEBA
Samaniego,Nariño,1.3365,-77.595,11,2024,1,19.7,172.4,89.0,DATOS SINTÉTICOS DE PRUEBA
Samaniego,Nariño,1.3365,-77.595,12,2024,2,19.8,136.8,85.0,DATOS SINTÉTICOS DE PRUEBA
Samaniego,Nariño,1.3365,-77.595,13,2024,4,19.8,145.9,85.7,DATOS SINTÉTICOS DE PRUEBA
Samaniego,Nariño,1.3365,-77.595,14,2024,1,19.8,121.0,84.2,DATOS SINTÉTICOS DE PRUEBA
Samaniego,Nariño,1.3365,-77.595,15,2024,2,19.7,143.8,74.0,DATOS SINTÉTICOS DE PRUEBA
Samaniego,Nariño,1.3365,-77.595,16,2024,4,19.7,150.0,90.0,DATOS SINTÉTICOS DE PRUEBA
Samaniego,Nariño,1.3365,-77.595,17,2024,3,19.6,147.3,72.4,DATOS SINTÉTICOS DE PRUEBA
Samaniego,Nariño,1.3365,-77.595,18,2024,2,19.5,122.8,76.7,DATOS SINTÉTICOS DE PRUEBA
Samaniego,Nariño,1.3365,-77.595,19,2024,2,19.3,118.6,83.9,DATOS SINTÉTICOS DE PRUEBA
Samaniego,Nariño,1.3365,-77.595,20,2024,4,19.2,97.9,79.5,DATOS SINTÉTICOS DE PRUEBA
Samaniego,Nariño,1.3365,-77.595,21,2024,1,19.0,97.2,83.4,DATOS SINTÉTICOS DE PRUEBA
Samaniego,Nariño,1.3365,-77.595,22,2024,3,18.8,87.4,88.8,DATOS SINTÉTICOS DE PRUEBA
Samaniego,Nariño,1.3365,-77.595,23,2024,3,18.6,113.9,91.0,DATOS SINTÉTICOS DE PRUEBA
Samaniego,Nariño,1.3365,-77.595,24,2024,2,18.4,91.4,84.4,DATOS SINTÉTICOS DE PRUEBA
Samaniego,Nariño,1.3365,-77.595,25,2024,1,18.2,73.0,85.4,DATOS SINTÉTICOS DE PRUEBA
Samaniego,Nariño,1.3365,-77.595,26,2024,4,18.0,61.2,86.8,DATOS SINTÉTICOS DE PRUEBA
Samaniego,Nariño,1.3365,-77.595,27,2024,2,17.8,73.3,81.5,DATOS SINTÉTICOS DE PRUEBA
Samaniego,Nariño,1.3365,-77.595,28,2024,3,17.6,69.9,90.1,DATOS SINTÉTICOS DE PRUEBA
Samaniego,Nariño,1.3365,-77.595,29,2024,5,17.4,41.4,80.8,DATOS SINTÉTICOS DE PRUEBA
Samaniego,Nariño,1.3365,-77.595,30,2024,0,17.2,69.2,85.8,DATOS SINTÉTICOS DE PRUEBA
Samaniego,Nariño,1.3365,-77.595,31,2024,4,17.0,7.1,84.5,DATOS SINTÉTICOS DE PRUEBA
Samaniego,Nariño,1.3365,-77.595,32,2024,2,16.8,59.6,85.3,DATOS SINTÉTICOS DE PRUEBA
Samaniego,Nariño,1.3365,-77.595,33,2024,4,16.7,21.3,83.3,DATOS SINTÉTICOS DE PRUEBA
Samaniego,Nariño,1.3365,-77.595,34,2024,2,16.5,62.0,83.7,DATOS SINTÉTICOS DE PRUEBA
Samaniego,Nariño,1.3365,-77.595,35,2024,4,16.4,46.9,84.9,DATOS SINTÉTICOS DE PRUEBA
Samaniego,Nariño,1.3365,-77.595,36,2024,3,16.3,38.6,85.9,DATOS SINTÉTICOS DE PRUEBA
Samaniego,Nariño,1.3365,-77.595,37,2024,1,16.3,42.5,76.6,DATOS SINTÉTICOS DE PRUEBA
Samaniego,Nariño,1.3365,-77.595,38,2024,2,16.2,42.7,87.4,DATOS SINTÉTICOS DE PRUEBA
Samaniego,Nariño,1.3365,-77.595,39,2024,4,16.2,55.0,86.2,DATOS SINTÉTICOS DE PRUEBA
Samaniego,Nariño,1.3365,-77.595,40,2024,1,16.2,49.7,82.9,DATOS SINTÉTICOS DE PRUEBA
Samaniego,Nariño,1.3365,-77.595,41,2024,2,16.3,68.8,90.9,DATOS SINTÉTICOS DE PRUEBA
Samaniego,Nariño,1.3365,-77.595,42,2024,3,16.3,65.2,84.9,DATOS SINTÉTICOS DE PRUEBA
Samaniego,Nariño,1.3365,-77.595,43,2024,0,16.4,98.3,92.5,DATOS SINTÉTICOS DE PRUEBA
Samaniego,Nariño,1.3365,-77.595,44,2024,2,16.5,77.7,76.4,DATOS SINTÉTICOS DE PRUEBA
Samaniego,Nariño,1.3365,-77.595,45,2024,1,16.7,65.3,80.7,DATOS SINTÉTICOS DE PRUEBA
Samaniego,Nariño,1.3365,-77.595,46,2024,1,16.8,85.4,88.2,DATOS SINTÉTICOS DE PRUEBA
Samaniego,Nariño,1.3365,-77.595,47,2024,3,17.0,91.6,82.4,DATOS SINTÉTICOS DE PRUEBA
Samaniego,Nariño,1.3365,-77.595,48,2024,1,17.2,113.6,83.2,DATOS SINTÉTICOS DE PRUEBA
Samaniego,Nariño,1.3365,-77.595,49,2024,0,17.4,65.2,85.9,DATOS SINTÉTICOS DE PRUEBA
Samaniego,Nariño,1.3365,-77.595,50,2024,2,17.6,98.9,86.5,DATOS SINTÉTICOS DE PRUEBA
Samaniego,Nariño,1.3365,-77.595,51,2024,2,17.8,127.1,85.3,DATOS SINTÉTICOS DE PRUEBA
Samaniego,Nariño,1.3365,-77.595,52,2024,3,18.0,116.6,90.9,DATOS SINTÉTICOS DE PRUEBA
Samaniego,Nariño,1.3365,-77.595,1,2025,2,18.2,161.2,86.9,DATOS SINTÉTICOS DE PRUEBA
Samaniego,Nariño,1.3365,-77.595,2,2025,2,18.4,175.8,82.1,DATOS SINTÉTICOS DE PRUEBA
Samaniego,Nariño,1.3365,-77.595,3,2025,0,18.6,150.7,82.6,DATOS SINTÉTICOS DE PRUEBA
Samaniego,Nariño,1.3365,-77.595,4,2025,1,18.8,135.7,87.8,DATOS SINTÉTICOS DE PRUEBA
Samaniego,Nariño,1.3365,-77.595,5,2025,3,19.0,148.6,76.1,DATOS SINTÉTICOS DE PRUEBA
Samaniego,Nariño,1.3365,-77.595,6,2025,4,19.2,156.4,77.7,DATOS SINTÉTICOS DE PRUEBA
Samaniego,Nariño,1.3365,-77.595,7,2025,1,19.3,138.1,85.8,DATOS SINTÉTICOS DE PRUEBA
Samaniego,Nariño,1.3365,-77.595,8,2025,0,19.5,160.0,84.3,DATOS SINTÉTICOS DE PRUEBA
Samaniego,Nariño,1.3365,-77.595,9,2025,0,19.6,136.3,86.5,DATOS SINTÉTICOS DE PRUEBA
Samaniego,Nariño,1.3365,-77.595,10,2025,3,19.7,166.2,82.7,DATOS SINTÉTICOS DE PRUEBA
Samaniego,Nariño,1.3365,-77.595,11,2025,4,19.7,132.2,81.1,DATOS SINTÉTICOS DE PRUEBA
Samaniego,Nariño,1.3365,-77.595,12,2025,4,19.8,149.7,80.8,DATOS SINTÉTICOS DE PRUEBA
Samaniego,Nariño,1.3365,-77.595,13,2025,0,19.8,151.0,88.1,DATOS SINTÉTICOS DE PRUEBA
Samaniego,Nariño,1.3365,-77.595,14,2025,0,19.8,151.2,85.8,DATOS SINTÉTICOS DE PRUEBA
Samaniego,Nariño,1.3365,-77.595,15,2025,4,19.7,143.5,85.9,DATOS SINTÉTICOS DE PRUEBA
Samaniego,Nariño,1.3365,-77.595,16,2025,3,19.7,158.7,87.5,DATOS SINTÉTICOS DE PRUEBA
Samaniego,Nariño,1.3365,-77.595,17,2025,2,19.6,116.4,76.2,DATOS SINTÉTICOS DE PRUEBA
Samaniego,Nariño,1.3365,-77.595,18,2025,4,19.5,92.1,82.5,DATOS SINTÉTICOS DE PRUEBA
Samaniego,Nariño,1.3365,-77.595,19,2025,4,19.3,112.9,81.2,DATOS SINTÉTICOS DE PRUEBA
Samaniego,Nariño,1.3365,-77.595,20,2025,3,19.2,117.8,83.3,DATOS SINTÉTICOS DE PRUEBA
Samaniego,Nariño,1.3365,-77.595,21,2025,2,19.0,139.3,86.8,DATOS SINTÉTICOS DE PRUEBA
Samaniego,Nariño,1.3365,-77.595,22,2025,0,18.8,91.4,76.3,DATOS SINTÉTICOS DE PRUEBA
Samaniego,Nariño,1.3365,-77.595,23,2025,3,18.6,81.2,82.5,DATOS SINTÉTICOS DE PRUEBA
Samaniego,Nariño,1.3365,-77.595,24,2025,2,18.4,85.4,90.0,DATOS SINTÉTICOS DE PRUEBA
Samaniego,Nariño,1.3365,-77.595,25,2025,4,18.2,73.0,76.3,DATOS SINTÉTICOS DE PRUEBA
Samaniego,Nariño,1.3365,-77.595,26,2025,5,18.0,73.8,86.1,DATOS SINTÉTICOS DE PRUEBA
Samaniego,Nariño,1.3365,-77.595,27,2025,2,17.8,72.9,90.4,DATOS SINTÉTICOS DE PRUEBA
Samaniego,Nariño,1.3365,-77.595,28,2025,4,17.6,49.7,86.7,DATOS SINTÉTICOS DE PRUEBA
Samaniego,Nariño,1.3365,-77.595,29,2025,3,17.4,70.2,80.3,DATOS SINTÉTICOS DE PRUEBA
Samaniego,Nariño,1.3365,-77.595,30,2025,0,17.2,67.3,81.9,DATOS SINTÉTICOS DE PRUEBA
Samaniego,Nariño,1.3365,-77.595,31,2025,2,17.0,57.0,80.6,DATOS SINTÉTICOS DE PRUEBA
Samaniego,Nariño,1.3365,-77.595,32,2025,0,16.8,50.1,84.1,DATOS SINTÉTICOS DE PRUEBA
Samaniego,Nariño,1.3365,-77.595,33,2025,3,16.7,36.1,84.3,DATOS SINTÉTICOS DE PRUEBA
Samaniego,Nariño,1.3365,-77.595,34,2025,1,16.5,53.3,85.6,DATOS SINTÉTICOS DE PRUEBA
Samaniego,Nariño,1.3365,-77.595,35,2025,4,16.4,51.7,83.3,DATOS SINTÉTICOS DE PRUEBA
Samaniego,Nariño,1.3365,-77.595,36,2025,4,16.3,36.5,83.7,DATOS SINTÉTICOS DE PRUEBA
Samaniego,Nariño,1.3365,-77.595,37,2025,1,16.3,49.5,77.8,DATOS SINTÉTICOS DE PRUEBA
Samaniego,Nariño,1.3365,-77.595,38,2025,1,16.2,40.8,86.7,DATOS SINTÉTICOS DE PRUEBA
Samaniego,Nariño,1.3365,-77.595,39,2025,3,16.2,37.4,82.6,DATOS SINTÉTICOS DE PRUEBA
Samaniego,Nariño,1.3365,-77.595,40,2025,1,16.2,63.7,83.6,DATOS SINTÉTICOS DE PRUEBA
Samaniego,Nariño,1.3365,-77.595,41,2025,1,16.3,52.0,99.3,DATOS SINTÉTICOS DE PRUEBA
Samaniego,Nariño,1.3365,-77.595,42,2025,1,16.3,71.1,82.0,DATOS SINTÉTICOS DE PRUEBA
Samaniego,Nariño,1.3365,-77.595,43,2025,3,16.4,75.4,82.9,DATOS SINTÉTICOS DE PRUEBA
Samaniego,Nariño,1.3365,-77.595,44,2025,3,16.5,60.9,82.9,DATOS SINTÉTICOS DE PRUEBA
Samaniego,Nariño,1.3365,-77.595,45,2025,5,16.7,63.2,86.6,DATOS SINTÉTICOS DE PRUEBA
Samaniego,Nariño,1.3365,-77.595,46,2025,0,16.8,100.8,85.1,DATOS SINTÉTICOS DE PRUEBA
Samaniego,Nariño,1.3365,-77.595,47,2025,1,17.0,83.4,79.1,DATOS SINTÉTICOS DE PRUEBA
Samaniego,Nariño,1.3365,-77.595,48,2025,0,17.2,117.6,81.8,DATOS SINTÉTICOS DE PRUEBA
Samaniego,Nariño,1.3365,-77.595,49,2025,2,17.4,95.1,80.2,DATOS SINTÉTICOS DE PRUEBA
Samaniego,Nariño,1.3365,-77.595,50,2025,0,17.6,128.1,87.4,DATOS SINTÉTICOS DE PRUEBA
Samaniego,Nariño,1.3365,-77.595,51,2025,0,17.8,120.8,77.2,DATOS SINTÉTICOS DE PRUEBA
Samaniego,Nariño,1.3365,-77.595,52,2025,3,18.0,140.0,82.3,DATOS SINTÉTICOS DE PRUEBA
La Unión,Nariño,1.6045,-77.131,1,2023,4,19.4,108.3,76.3,DATOS SINTÉTICOS DE PRUEBA
La Unión,Nariño,1.6045,-77.131,2,2023,2,19.6,92.5,77.7,DATOS SINTÉTICOS DE PRUEBA
La Unión,Nariño,1.6045,-77.131,3,2023,0,19.8,149.7,77.4,DATOS SINTÉTICOS DE PRUEBA
La Unión,Nariño,1.6045,-77.131,4,2023,1,20.0,125.0,69.6,DATOS SINTÉTICOS DE PRUEBA
La Unión,Nariño,1.6045,-77.131,5,2023,2,20.2,182.9,68.5,DATOS SINTÉTICOS DE PRUEBA
La Unión,Nariño,1.6045,-77.131,6,2023,2,20.4,159.1,78.3,DATOS SINTÉTICOS DE PRUEBA
La Unión,Nariño,1.6045,-77.131,7,2023,2,20.5,149.7,80.4,DATOS SINTÉTICOS DE PRUEBA
La Unión,Nariño,1.6045,-77.131,8,2023,2,20.7,170.5,78.3,DATOS SINTÉTICOS DE PRUEBA
La Unión,Nariño,1.6045,-77.131,9,2023,4,20.8,164.7,73.1,DATOS SINTÉTICOS DE PRUEBA
La Unión,Nariño,1.6045,-77.131,10,2023,2,20.9,143.9,75.2,DATOS SINTÉTICOS DE PRUEBA
La Unión,Nariño,1.6045,-77.131,11,2023,0,20.9,159.9,77.6,DATOS SINTÉTICOS DE PRUEBA
La Unión,Nariño,1.6045,-77.131,12,2023,4,21.0,141.2,70.5,DATOS SINTÉTICOS DE PRUEBA
La Unión,Nariño,1.6045,-77.131,13,2023,0,21.0,151.1,76.1,DATOS SINTÉTICOS DE PRUEBA
La Unión,Nariño,1.6045,-77.131,14,2023,0,21.0,149.6,73.3,DATOS SINTÉTICOS DE PRUEBA
La Unión,Nariño,1.6045,-77.131,15,2023,2,20.9,158.2,79.6,DATOS SINTÉTICOS DE PRUEBA
La Unión,Nariño,1.6045,-77.131,16,2023,3,20.9,144.3,81.8,DATOS SINTÉTICOS DE PRUEBA
La Unión,Nariño,1.6045,-77.131,17,2023,3,20.8,124.0,75.4,DATOS SINTÉTICOS DE PRUEBA
La Unión,Nariño,1.6045,-77.131,18,2023,3,20.7,131.5,78.4,DATOS SINTÉTICOS DE PRUEBA
La Unión,Nariño,1.6045,-77.131,19,2023,4,20.5,162.1,75.1,DATOS SINTÉTICOS DE PRUEBA
La Unión,Nariño,1.6045,-77.131,20,2023,1,20.4,155.9,72.7,DATOS SINTÉTICOS DE PRUEBA
La Unión,Nariño,1.6045,-77.131,21,2023,2,20.2,122.4,70.8,DATOS SINTÉTICOS DE PRUEBA
La Unión,Nariño,1.6045,-77.131,22,2023,2,20.0,95.9,85.7,DATOS SINTÉTICOS DE PRUEBA
La Unión,Nariño,1.6045,-77.131,23,2023,3,19.8,38.7,76.4,DATOS SINTÉTICOS DE PRUEBA
La Unión,Nariño,1.6045,-77.131,24,2023,2,19.6,91.8,71.9,DATOS SINTÉTICOS DE PRUEBA
La Unión,Nariño,1.6045,-77.131,25,2023,3,19.4,81.7,81.3,DATOS SINTÉTICOS DE PRUEBA
La Unión,Nariño,1.6045,-77.131,26,2023,3,19.2,81.6,83.0,DATOS SINTÉTICOS DE PRUEBA
La Unión,Nariño,1.6045,-77.131,27,2023,2,19.0,72.6,72.3,DATOS SINTÉTICOS DE PRUEBA
La Unión,Nariño,1.6045,-77.131,28,2023,2,18.8,83.7,83.3,DATOS SINTÉTICOS DE PRUEBA
La Unión,Nariño,1.6045,-77.131,29,2023,2,18.6,77.1,79.8,DATOS SINTÉTICOS DE PRUEBA
La Unión,Nariño,1.6045,-77.131,30,2023,0,18.4,56.8,71.3,DATOS SINTÉTICOS DE PRUEBA
La Unión,Nariño,1.6045,-77.131,31,2023,3,18.2,41.5,73.1,DATOS SINTÉTICOS DE PRUEBA
La Unión,Nariño,1.6045,-77.131,32,2023,5,18.0,49.7,76.3,DATOS SINTÉTICOS DE PRUEBA
La Unión,Nariño,1.6045,-77.131,33,2023,0,17.9,60.0,82.5,DATOS SINTÉTICOS DE PRUEBA
La Unión,Nariño,1.6045,-77.131,34,2023,1,17.7,43.8,76.2,DATOS SINTÉTICOS DE PRUEBA
La Unión,Nariño,1.6045,-77.131,35,2023,4,17.6,49.5,79.4,DATOS SINTÉTICOS DE PRUEBA
La Unión,Nariño,1.6045,-77.131,36,2023,4,17.5,76.5,82.8,DATOS SINTÉTICOS DE PRUEBA
La Unión,Nariño,1.6045,-77.131,37,2023,4,17.5,38.4,80.9,DATOS SINTÉTICOS DE PRUEBA
La Unión,Nariño,1.6045,-77.131,38,2023,2,17.4,80.6,72.0,DATOS SINTÉTICOS DE PRUEBA
La Unión,Nariño,1.6045,-77.131,39,2023,1,17.4,47.8,87.0,DATOS SINTÉTICOS DE PRUEBA
La Unión,Nariño,1.6045,-77.131,40,2023,2,17.4,69.0,78.6,DATOS SINTÉTICOS DE PRUEBA
La Unión,Nariño,1.6045,-77.131,41,2023,2,17.5,35.0,82.0,DATOS SINTÉTICOS DE PRUEBA
La Unión,Nariño,1.6045,-77.131,42,2023,3,17.5,61.9,75.5,DATOS SINTÉTICOS DE PRUEBA
La Unión,Nariño,1.6045,-77.131,43,2023,3,17.6,64.4,79.6,DATOS SINTÉTICOS DE PRUEBA
La Unión,Nariño,1.6045,-77.131,44,2023,3,17.7,82.3,75.8,DATOS SINTÉTICOS DE PRUEBA
La Unión,Nariño,1.6045,-77.131,45,2023,5,17.9,47.6,79.6,DATOS SINTÉTICOS DE PRUEBA
La Unión,Nariño,1.6045,-77.131,46,2023,3,18.0,48.6,82.8,DATOS SINTÉTICOS DE PRUEBA
La Unión,Nariño,1.6045,-77.131,47,2023,3,18.2,60.0,77.9,DATOS SINTÉTICOS DE PRUEBA
La Unión,Nariño,1.6045,-77.131,48,2023,0,18.4,83.7,78.7,DATOS SINTÉTICOS DE PRUEBA
La Unión,Nariño,1.6045,-77.131,49,2023,1,18.6,131.6,74.6,DATOS SINTÉTICOS DE PRUEBA
La Unión,Nariño,1.6045,-77.131,50,2023,3,18.8,124.1,75.9,DATOS SINTÉTICOS DE PRUEBA
La Unión,Nariño,1.6045,-77.131,51,2023,1,19.0,112.7,83.5,DATOS SINTÉTICOS DE PRUEBA
La Unión,Nariño,1.6045,-77.131,52,2023,2,19.2,124.1,82.5,DATOS SINTÉTICOS DE PRUEBA
La Unión,Nariño,1.6045,-77.131,1,2024,2,19.4,147.6,76.6,DATOS SINTÉTICOS DE PRUEBA
La Unión,Nariño,1.6045,-77.131,2,2024,2,19.6,119.8,89.5,DATOS SINTÉTICOS DE PRUEBA
La Unión,Nariño,1.6045,-77.131,3,2024,4,19.8,172.4,72.2,DATOS SINTÉTICOS DE PRUEBA
La Unión,Nariño,1.6045,-77.131,4,2024,0,20.0,160.2,82.5,DATOS SINTÉTICOS DE PRUEBA
La Unión,Nariño,1.6045,-77.131,5,2024,1,20.2,142.4,74.3,DATOS SINTÉTICOS DE PRUEBA
La Unión,Nariño,1.6045,-77.131,6,2024,3,20.4,169.4,80.2,DATOS SINTÉTICOS DE PRUEBA
La Unión,Nariño,1.6045,-77.131,7,2024,2,20.5,77.7,79.4,DATOS SINTÉTICOS DE PRUEBA
La Unión,Nariño,1.6045,-77.131,8,2024,0,20.7,173.1,78.8,DATOS SINTÉTICOS DE PRUEBA
La Unión,Nariño,1.6045,-77.131,9,2024,2,20.8,128.3,78.3,DATOS SINTÉTICOS DE PRUEBA
La Unión,Nariño,1.6045,-77.131,10,2024,3,20.9,143.6,75.0,DATOS SINTÉTICOS DE PRUEBA
La Unión,Nariño,1.6045,-77.131,11,2024,3,20.9,128.9,75.8,DATOS SINTÉTICOS DE PRUEBA
La Unión,Nariño,1.6045,-77.131,12,2024,4,21.0,152.5,74.2,DATOS SINTÉTICOS DE PRUEBA
La Unión,Nariño,1.6045,-77.131,13,2024,1,21.0,158.8,78.5,DATOS SINTÉTICOS DE PRUEBA
La Unión,Nariño,1.6045,-77.131,14,2024,1,21.0,132.3,78.1,DATOS SINTÉTICOS DE PRUEBA
La Unión,Nariño,1.6045,-77.131,15,2024,3,20.9,109.8,85.9,DATOS SINTÉTICOS DE PRUEBA
La Unión,Nariño,1.6045,-77.131,16,2024,4,20.9,142.8,81.6,DATOS SINTÉTICOS DE PRUEBA
La Unión,Nariño,1.6045,-77.131,17,2024,0,20.8,129.3,81.0,DATOS SINTÉTICOS DE PRUEBA
La Unión,Nariño,1.6045,-77.131,18,2024,2,20.7,144.8,78.2,DATOS SINTÉTICOS DE PRUEBA
La Unión,Nariño,1.6045,-77.131,19,2024,3,20.5,126.7,81.9,DATOS SINTÉTICOS DE PRUEBA
La Unión,Nariño,1.6045,-77.131,20,2024,4,20.4,115.6,77.7,DATOS SINTÉTICOS DE PRUEBA
La Unión,Nariño,1.6045,-77.131,21,2024,2,20.2,134.0,74.4,DATOS SINTÉTICOS DE PRUEBA
La Unión,Nariño,1.6045,-77.131,22,2024,1,20.0,76.5,77.1,DATOS SINTÉTICOS DE PRUEBA
La Unión,Nariño,1.6045,-77.131,23,2024,3,19.8,77.2,83.5,DATOS SINTÉTICOS DE PRUEBA
La Unión,Nariño,1.6045,-77.131,24,2024,4,19.6,118.2,77.5,DATOS SINTÉTICOS DE PRUEBA
La Unión,Nariño,1.6045,-77.131,25,2024,3,19.4,82.0,82.8,DATOS SINTÉTICOS DE PRUEBA
La Unión,Nariño,1.6045,-77.131,26,2024,0,19.2,67.6,76.4,DATOS SINTÉTICOS DE PRUEBA
La Unión,Nariño,1.6045,-77.131,27,2024,3,19.0,81.6,76.3,DATOS SINTÉTICOS DE PRUEBA
La Unión,Nariño,1.6045,-77.131,28,2024,2,18.8,64.9,80.8,DATOS SINTÉTICOS DE PRUEBA
La Unión,Nariño,1.6045,-77.131,29,2024,1,18.6,104.6,73.5,DATOS SINTÉTICOS DE PRUEBA
La Unión,Nariño,1.6045,-77.131,30,2024,3,18.4,33.2,73.1,DATOS SINTÉTICOS DE PRUEBA
La Unión,Nariño,1.6045,-77.131,31,2024,4,18.2,49.8,76.0,DATOS SINTÉTICOS DE PRUEBA
La Unión,Nariño,1.6045,-77.131,32,2024,2,18.0,92.8,82.1,DATOS SINTÉTICOS DE PRUEBA
La Unión,Nariño,1.6045,-77.131,33,2024,4,17.9,75.6,84.9,DATOS SINTÉTICOS DE PRUEBA
La Unión,Nariño,1.6045,-77.131,34,2024,1,17.7,52.3,72.5,DATOS SINTÉTICOS DE PRUEBA
La Unión,Nariño,1.6045,-77.131,35,2024,3,17.6,41.8,77.7,DATOS SINTÉTICOS DE PRUEBA
La Unión,Nariño,1.6045,-77.131,36,2024,3,17.5,26.6,76.8,DATOS SINTÉTICOS DE PRUEBA
La Unión,Nariño,1.6045,-77.131,37,2024,2,17.5,42.3,74.3,DATOS SINTÉTICOS DE PRUEBA
La Unión,Nariño,1.6045,-77.131,38,2024,0,17.4,40.3,77.8,DATOS SINTÉTICOS DE PRUEBA
La Unión,Nariño,1.6045,-77.131,39,2024,2,17.4,27.5,81.0,DATOS SINTÉTICOS DE PRUEBA
La Unión,Nariño,1.6045,-77.131,40,2024,0,17.4,42.6,75.0,DATOS SINTÉTICOS DE PRUEBA
La Unión,Nariño,1.6045,-77.131,41,2024,0,17.5,80.5,70.9,DATOS SINTÉTICOS DE PRUEBA
La Unión,Nariño,1.6045,-77.131,42,2024,3,17.5,75.7,76.5,DATOS SINTÉTICOS DE PRUEBA
La Unión,Nariño,1.6045,-77.131,43,2024,0,17.6,84.2,82.0,DATOS SINTÉTICOS DE PRUEBA
La Unión,Nariño,1.6045,-77.131,44,2024,3,17.7,91.2,81.8,DATOS SINTÉTICOS DE PRUEBA
La Unión,Nariño,1.6045,-77.131,45,2024,0,17.9,102.2,75.1,DATOS SINTÉTICOS DE PRUEBA
La Unión,Nariño,1.6045,-77.131,46,2024,2,18.0,67.5,79.6,DATOS SINTÉTICOS DE PRUEBA
La Unión,Nariño,1.6045,-77.131,47,2024,2,18.2,87.5,85.2,DATOS SINTÉTICOS DE PRUEBA
La Unión,Nariño,1.6045,-77.131,48,2024,3,18.4,105.1,75.3,DATOS SINTÉTICOS DE PRUEBA
La Unión,Nariño,1.6045,-77.131,49,2024,4,18.6,103.4,77.2,DATOS SINTÉTICOS DE PRUEBA
La Unión,Nariño,1.6045,-77.131,50,2024,2,18.8,72.7,80.4,DATOS SINTÉTICOS DE PRUEBA
La Unión,Nariño,1.6045,-77.131,51,2024,2,19.0,114.9,77.4,DATOS SINTÉTICOS DE PRUEBA
La Unión,Nariño,1.6045,-77.131,52,2024,2,19.2,130.1,82.4,DATOS SINTÉTICOS DE PRUEBA
La Unión,Nariño,1.6045,-77.131,1,2025,1,19.4,109.8,81.4,DATOS SINTÉTICOS DE PRUEBA
La Unión,Nariño,1.6045,-77.131,2,2025,4,19.6,149.5,77.9,DATOS SINTÉTICOS DE PRUEBA
La Unión,Nariño,1.6045,-77.131,3,2025,0,19.8,134.9,80.9,DATOS SINTÉTICOS DE PRUEBA
La Unión,Nariño,1.6045,-77.131,4,2025,1,20.0,146.3,80.6,DATOS SINTÉTICOS DE PRUEBA
La Unión,Nariño,1.6045,-77.131,5,2025,2,20.2,167.6,77.3,DATOS SINTÉTICOS DE PRUEBA
La Unión,Nariño,1.6045,-77.131,6,2025,3,20.4,156.4,80.2,DATOS SINTÉTICOS DE PRUEBA
La Unión,Nariño,1.6045,-77.131,7,2025,1,20.5,139.6,66.9,DATOS SINTÉTICOS DE PRUEBA
La Unión,Nariño,1.6045,-77.131,8,2025,2,20.7,187.1,75.9,DATOS SINTÉTICOS DE PRUEBA
La Unión,Nariño,1.6045,-77.131,9,2025,2,20.8,131.3,80.6,DATOS SINTÉTICOS DE PRUEBA
La Unión,Nariño,1.6045,-77.131,10,2025,4,20.9,167.7,81.3,DATOS SINTÉTICOS DE PRUEBA
La Unión,Nariño,1.6045,-77.131,11,2025,5,20.9,154.6,79.3,DATOS SINTÉTICOS DE PRUEBA
La Unión,Nariño,1.6045,-77.131,12,2025,4,21.0,154.2,84.1,DATOS SINTÉTICOS DE PRUEBA
La Unión,Nariño,1.6045,-77.131,13,2025,5,21.0,154.0,76.5,DATOS SINTÉTICOS DE PRUEBA
La Unión,Nariño,1.6045,-77.131,14,2025,2,21.0,147.4,83.4,DATOS SINTÉTICOS DE PRUEBA
La Unión,Nariño,1.6045,-77.131,15,2025,0,20.9,150.6,88.0,DATOS SINTÉTICOS DE PRUEBA
La Unión,Nariño,1.6045,-77.131,16,2025,2,20.9,140.1,69.8,DATOS SINTÉTICOS DE PRUEBA
La Unión,Nariño,1.6045,-77.131,17,2025,2,20.8,120.5,81.0,DATOS SINTÉTICOS DE PRUEBA
La Unión,Nariño,1.6045,-77.131,18,2025,1,20.7,128.7,79.4,DATOS SINTÉTICOS DE PRUEBA
La Unión,Nariño,1.6045,-77.131,19,2025,2,20.5,127.2,75.5,DATOS SINTÉTICOS DE PRUEBA
La Unión,Nariño,1.6045,-77.131,20,2025,5,20.4,80.4,80.5,DATOS SINTÉTICOS DE PRUEBA
La Unión,Nariño,1.6045,-77.131,21,2025,3,20.2,162.3,80.1,DATOS SINTÉTICOS DE PRUEBA
La Unión,Nariño,1.6045,-77.131,22,2025,4,20.0,66.2,77.4,DATOS SINTÉTICOS DE PRUEBA
La Unión,Nariño,1.6045,-77.131,23,2025,3,19.8,96.1,81.3,DATOS SINTÉTICOS DE PRUEBA
La Unión,Nariño,1.6045,-77.131,24,2025,3,19.6,73.6,80.7,DATOS SINTÉTICOS DE PRUEBA
La Unión,Nariño,1.6045,-77.131,25,2025,4,19.4,101.5,81.8,DATOS SINTÉTICOS DE PRUEBA
La Unión,Nariño,1.6045,-77.131,26,2025,5,19.2,97.7,75.2,DATOS SINTÉTICOS DE PRUEBA
La Unión,Nariño,1.6045,-77.131,27,2025,6,19.0,79.5,77.5,DATOS SINTÉTICOS DE PRUEBA
La Unión,Nariño,1.6045,-77.131,28,2025,1,18.8,69.2,75.3,DATOS SINTÉTICOS DE PRUEBA
La Unión,Nariño,1.6045,-77.131,29,2025,2,18.6,40.5,79.8,DATOS SINTÉTICOS DE PRUEBA
La Unión,Nariño,1.6045,-77.131,30,2025,5,18.4,39.9,84.5,DATOS SINTÉTICOS DE PRUEBA
La Unión,Nariño,1.6045,-77.131,31,2025,5,18.2,46.5,81.3,DATOS SINTÉTICOS DE PRUEBA
La Unión,Nariño,1.6045,-77.131,32,2025,5,18.0,38.8,74.8,DATOS SINTÉTICOS DE PRUEBA
La Unión,Nariño,1.6045,-77.131,33,2025,0,17.9,66.5,82.2,DATOS SINTÉTICOS DE PRUEBA
La Unión,Nariño,1.6045,-77.131,34,2025,3,17.7,29.2,77.7,DATOS SINTÉTICOS DE PRUEBA
La Unión,Nariño,1.6045,-77.131,35,2025,0,17.6,31.0,77.3,DATOS SINTÉTICOS DE PRUEBA
La Unión,Nariño,1.6045,-77.131,36,2025,0,17.5,49.5,81.1,DATOS SINTÉTICOS DE PRUEBA
La Unión,Nariño,1.6045,-77.131,37,2025,4,17.5,52.5,90.3,DATOS SINTÉTICOS DE PRUEBA
La Unión,Nariño,1.6045,-77.131,38,2025,0,17.4,63.2,78.4,DATOS SINTÉTICOS DE PRUEBA
La Unión,Nariño,1.6045,-77.131,39,2025,2,17.4,36.5,74.7,DATOS SINTÉTICOS DE PRUEBA
La Unión,Nariño,1.6045,-77.131,40,2025,1,17.4,54.7,73.7,DATOS SINTÉTICOS DE PRUEBA
La Unión,Nariño,1.6045,-77.131,41,2025,2,17.5,82.0,75.3,DATOS SINTÉTICOS DE PRUEBA
La Unión,Nariño,1.6045,-77.131,42,2025,3,17.5,42.6,75.1,DATOS SINTÉTICOS DE PRUEBA
La Unión,Nariño,1.6045,-77.131,43,2025,0,17.6,89.1,78.0,DATOS SINTÉTICOS DE PRUEBA
La Unión,Nariño,1.6045,-77.131,44,2025,1,17.7,87.7,73.4,DATOS SINTÉTICOS DE PRUEBA
La Unión,Nariño,1.6045,-77.131,45,2025,2,17.9,69.1,77.0,DATOS SINTÉTICOS DE PRUEBA
La Unión,Nariño,1.6045,-77.131,46,2025,2,18.0,60.6,81.7,DATOS SINTÉTICOS DE PRUEBA
La Unión,Nariño,1.6045,-77.131,47,2025,0,18.2,109.0,75.7,DATOS SINTÉTICOS DE PRUEBA
La Unión,Nariño,1.6045,-77.131,48,2025,2,18.4,116.5,79.1,DATOS SINTÉTICOS DE PRUEBA
La Unión,Nariño,1.6045,-77.131,49,2025,0,18.6,109.4,75.8,DATOS SINTÉTICOS DE PRUEBA
La Unión,Nariño,1.6045,-77.131,50,2025,1,18.8,122.7,74.4,DATOS SINTÉTICOS DE PRUEBA
La Unión,Nariño,1.6045,-77.131,51,2025,4,19.0,135.7,78.6,DATOS SINTÉTICOS DE PRUEBA
La Unión,Nariño,1.6045,-77.131,52,2025,7,19.2,125.5,80.2,DATOS SINTÉTICOS DE PRUEBA
Sandoná,Nariño,1.2867,-77.468,1,2023,2,18.7,139.1,86.9,DATOS SINTÉTICOS DE PRUEBA
Sandoná,Nariño,1.2867,-77.468,2,2023,4,18.9,159.9,84.4,DATOS SINTÉTICOS DE PRUEBA
Sandoná,Nariño,1.2867,-77.468,3,2023,3,19.1,150.6,80.5,DATOS SINTÉTICOS DE PRUEBA
Sandoná,Nariño,1.2867,-77.468,4,2023,4,19.3,151.0,80.1,DATOS SINTÉTICOS DE PRUEBA
Sandoná,Nariño,1.2867,-77.468,5,2023,1,19.5,139.6,79.8,DATOS SINTÉTICOS DE PRUEBA
Sandoná,Nariño,1.2867,-77.468,6,2023,0,19.7,117.1,83.7,DATOS SINTÉTICOS DE PRUEBA
Sandoná,Nariño,1.2867,-77.468,7,2023,2,19.8,120.9,81.1,DATOS SINTÉTICOS DE PRUEBA
Sandoná,Nariño,1.2867,-77.468,8,2023,0,20.0,140.9,80.7,DATOS SINTÉTICOS DE PRUEBA
Sandoná,Nariño,1.2867,-77.468,9,2023,3,20.1,175.6,86.7,DATOS SINTÉTICOS DE PRUEBA
Sandoná,Nariño,1.2867,-77.468,10,2023,0,20.2,158.7,78.8,DATOS SINTÉTICOS DE PRUEBA
Sandoná,Nariño,1.2867,-77.468,11,2023,0,20.2,166.3,85.7,DATOS SINTÉTICOS DE PRUEBA
Sandoná,Nariño,1.2867,-77.468,12,2023,1,20.3,152.9,91.9,DATOS SINTÉTICOS DE PRUEBA
Sandoná,Nariño,1.2867,-77.468,13,2023,3,20.3,132.2,78.1,DATOS SINTÉTICOS DE PRUEBA
Sandoná,Nariño,1.2867,-77.468,14,2023,2,20.3,146.7,80.9,DATOS SINTÉTICOS DE PRUEBA
Sandoná,Nariño,1.2867,-77.468,15,2023,3,20.2,152.4,81.7,DATOS SINTÉTICOS DE PRUEBA
Sandoná,Nariño,1.2867,-77.468,16,2023,3,20.2,129.9,88.4,DATOS SINTÉTICOS DE PRUEBA
Sandoná,Nariño,1.2867,-77.468,17,2023,3,20.1,132.5,75.2,DATOS SINTÉTICOS DE PRUEBA
Sandoná,Nariño,1.2867,-77.468,18,2023,4,20.0,126.4,87.0,DATOS SINTÉTICOS DE PRUEBA
Sandoná,Nariño,1.2867,-77.468,19,2023,2,19.8,142.0,83.8,DATOS SINTÉTICOS DE PRUEBA
Sandoná,Nariño,1.2867,-77.468,20,2023,3,19.7,83.4,84.1,DATOS SINTÉTICOS DE PRUEBA
Sandoná,Nariño,1.2867,-77.468,21,2023,4,19.5,122.7,88.9,DATOS SINTÉTICOS DE PRUEBA
Sandoná,Nariño,1.2867,-77.468,22,2023,1,19.3,93.5,84.5,DATOS SINTÉTICOS DE PRUEBA
Sandoná,Nariño,1.2867,-77.468,23,2023,2,19.1,78.4,77.2,DATOS SINTÉTICOS DE PRUEBA
Sandoná,Nariño,1.2867,-77.468,24,2023,1,18.9,103.9,88.1,DATOS SINTÉTICOS DE PRUEBA
Sandoná,Nariño,1.2867,-77.468,25,2023,2,18.7,89.7,75.0,DATOS SINTÉTICOS DE PRUEBA
Sandoná,Nariño,1.2867,-77.468,26,2023,3,18.5,84.9,80.1,DATOS SINTÉTICOS DE PRUEBA
Sandoná,Nariño,1.2867,-77.468,27,2023,3,18.3,86.0,89.8,DATOS SINTÉTICOS DE PRUEBA
Sandoná,Nariño,1.2867,-77.468,28,2023,3,18.1,51.9,88.4,DATOS SINTÉTICOS DE PRUEBA
Sandoná,Nariño,1.2867,-77.468,29,2023,5,17.9,6.5,87.5,DATOS SINTÉTICOS DE PRUEBA
Sandoná,Nariño,1.2867,-77.468,30,2023,1,17.7,63.9,88.5,DATOS SINTÉTICOS DE PRUEBA
Sandoná,Nariño,1.2867,-77.468,31,2023,2,17.5,37.5,81.4,DATOS SINTÉTICOS DE PRUEBA
Sandoná,Nariño,1.2867,-77.468,32,2023,3,17.3,66.4,86.5,DATOS SINTÉTICOS DE PRUEBA
Sandoná,Nariño,1.2867,-77.468,33,2023,3,17.2,67.9,76.5,DATOS SINTÉTICOS DE PRUEBA
Sandoná,Nariño,1.2867,-77.468,34,2023,0,17.0,37.8,83.0,DATOS SINTÉTICOS DE PRUEBA
Sandoná,Nariño,1.2867,-77.468,35,2023,3,16.9,34.3,89.2,DATOS SINTÉTICOS DE PRUEBA
Sandoná,Nariño,1.2867,-77.468,36,2023,3,16.8,10.3,83.3,DATOS SINTÉTICOS DE PRUEBA
Sandoná,Nariño,1.2867,-77.468,37,2023,2,16.8,54.7,80.4,DATOS SINTÉTICOS DE PRUEBA
Sandoná,Nariño,1.2867,-77.468,38,2023,4,16.7,45.4,80.5,DATOS SINTÉTICOS DE PRUEBA
Sandoná,Nariño,1.2867,-77.468,39,2023,2,16.7,31.7,86.3,DATOS SINTÉTICOS DE PRUEBA
Sandoná,Nariño,1.2867,-77.468,40,2023,2,16.7,71.7,87.6,DATOS SINTÉTICOS DE PRUEBA
Sandoná,Nariño,1.2867,-77.468,41,2023,3,16.8,42.9,84.0,DATOS SINTÉTICOS DE PRUEBA
Sandoná,Nariño,1.2867,-77.468,42,2023,4,16.8,103.3,92.5,DATOS SINTÉTICOS DE PRUEBA
Sandoná,Nariño,1.2867,-77.468,43,2023,1,16.9,88.4,85.4,DATOS SINTÉTICOS DE PRUEBA
Sandoná,Nariño,1.2867,-77.468,44,2023,5,17.0,75.7,74.3,DATOS SINTÉTICOS DE PRUEBA
Sandoná,Nariño,1.2867,-77.468,45,2023,4,17.2,102.0,74.1,DATOS SINTÉTICOS DE PRUEBA
Sandoná,Nariño,1.2867,-77.468,46,2023,1,17.3,107.3,86.3,DATOS SINTÉTICOS DE PRUEBA
Sandoná,Nariño,1.2867,-77.468,47,2023,0,17.5,97.9,82.4,DATOS SINTÉTICOS DE PRUEBA
Sandoná,Nariño,1.2867,-77.468,48,2023,0,17.7,94.9,86.9,DATOS SINTÉTICOS DE PRUEBA
Sandoná,Nariño,1.2867,-77.468,49,2023,0,17.9,108.1,76.5,DATOS SINTÉTICOS DE PRUEBA
Sandoná,Nariño,1.2867,-77.468,50,2023,1,18.1,121.0,83.7,DATOS SINTÉTICOS DE PRUEBA
Sandoná,Nariño,1.2867,-77.468,51,2023,0,18.3,104.9,83.3,DATOS SINTÉTICOS DE PRUEBA
Sandoná,Nariño,1.2867,-77.468,52,2023,0,18.5,135.7,87.2,DATOS SINTÉTICOS DE PRUEBA
Sandoná,Nariño,1.2867,-77.468,1,2024,2,18.7,156.2,80.3,DATOS SINTÉTICOS DE PRUEBA
Sandoná,Nariño,1.2867,-77.468,2,2024,0,18.9,113.6,75.6,DATOS SINTÉTICOS DE PRUEBA
Sandoná,Nariño,1.2867,-77.468,3,2024,1,19.1,172.6,83.5,DATOS SINTÉTICOS DE PRUEBA
Sandoná,Nariño,1.2867,-77.468,4,2024,1,19.3,132.0,85.8,DATOS SINTÉTICOS DE PRUEBA
Sandoná,Nariño,1.2867,-77.468,5,2024,1,19.5,135.4,80.6,DATOS SINTÉTICOS DE PRUEBA
Sandoná,Nariño,1.2867,-77.468,6,2024,1,19.7,130.4,89.4,DATOS SINTÉTICOS DE PRUEBA
Sandoná,Nariño,1.2867,-77.468,7,2024,2,19.8,155.2,87.1,DATOS SINTÉTICOS DE PRUEBA
Sandoná,Nariño,1.2867,-77.468,8,2024,2,20.0,145.3,81.0,DATOS SINTÉTICOS DE PRUEBA
Sandoná,Nariño,1.2867,-77.468,9,2024,3,20.1,167.2,85.0,DATOS SINTÉTICOS DE PRUEBA
Sandoná,Nariño,1.2867,-77.468,10,2024,2,20.2,174.0,81.3,DATOS SINTÉTICOS DE PRUEBA
Sandoná,Nariño,1.2867,-77.468,11,2024,4,20.2,173.0,77.2,DATOS SINTÉTICOS DE PRUEBA
Sandoná,Nariño,1.2867,-77.468,12,2024,2,20.3,174.0,87.9,DATOS SINTÉTICOS DE PRUEBA
Sandoná,Nariño,1.2867,-77.468,13,2024,1,20.3,152.6,84.7,DATOS SINTÉTICOS DE PRUEBA
Sandoná,Nariño,1.2867,-77.468,14,2024,2,20.3,154.5,84.4,DATOS SINTÉTICOS DE PRUEBA
Sandoná,Nariño,1.2867,-77.468,15,2024,5,20.2,156.7,81.7,DATOS SINTÉTICOS DE PRUEBA
Sandoná,Nariño,1.2867,-77.468,16,2024,5,20.2,180.6,86.0,DATOS SINTÉTICOS DE PRUEBA
Sandoná,Nariño,1.2867,-77.468,17,2024,4,20.1,136.7,83.5,DATOS SINTÉTICOS DE PRUEBA
Sandoná,Nariño,1.2867,-77.468,18,2024,3,20.0,112.7,85.1,DATOS SINTÉTICOS DE PRUEBA
Sandoná,Nariño,1.2867,-77.468,19,2024,1,19.8,116.2,88.7,DATOS SINTÉTICOS DE PRUEBA
Sandoná,Nariño,1.2867,-77.468,20,2024,5,19.7,109.9,84.3,DATOS SINTÉTICOS DE PRUEBA
Sandoná,Nariño,1.2867,-77.468,21,2024,1,19.5,102.3,83.4,DATOS SINTÉTICOS DE PRUEBA
Sandoná,Nariño,1.2867,-77.468,22,2024,3,19.3,98.9,85.8,DATOS SINTÉTICOS DE PRUEBA
Sandoná,Nariño,1.2867,-77.468,23,2024,2,19.1,75.0,83.7,DATOS SINTÉTICOS DE PRUEBA
Sandoná,Nariño,1.2867,-77.468,24,2024,4,18.9,80.1,84.3,DATOS SINTÉTICOS DE PRUEBA
Sandoná,Nariño,1.2867,-77.468,25,2024,4,18.7,66.5,81.4,DATOS SINTÉTICOS DE PRUEBA
Sandoná,Nariño,1.2867,-77.468,26,2024,3,18.5,36.8,84.3,DATOS SINTÉTICOS DE PRUEBA
Sandoná,Nariño,1.2867,-77.468,27,2024,2,18.3,61.8,89.1,DATOS SINTÉTICOS DE PRUEBA
Sandoná,Nariño,1.2867,-77.468,28,2024,2,18.1,75.4,80.2,DATOS SINTÉTICOS DE PRUEBA
Sandoná,Nariño,1.2867,-77.468,29,2024,4,17.9,50.9,88.8,DATOS SINTÉTICOS DE PRUEBA
Sandoná,Nariño,1.2867,-77.468,30,2024,2,17.7,38.7,84.2,DATOS SINTÉTICOS DE PRUEBA
Sandoná,Nariño,1.2867,-77.468,31,2024,2,17.5,64.1,89.4,DATOS SINTÉTICOS DE PRUEBA
Sandoná,Nariño,1.2867,-77.468,32,2024,5,17.3,53.8,85.7,DATOS SINTÉTICOS DE PRUEBA
Sandoná,Nariño,1.2867,-77.468,33,2024,4,17.2,41.3,88.1,DATOS SINTÉTICOS DE PRUEBA
Sandoná,Nariño,1.2867,-77.468,34,2024,1,17.0,77.2,83.6,DATOS SINTÉTICOS DE PRUEBA
Sandoná,Nariño,1.2867,-77.468,35,2024,2,16.9,31.2,81.3,DATOS SINTÉTICOS DE PRUEBA
Sandoná,Nariño,1.2867,-77.468,36,2024,0,16.8,29.6,81.7,DATOS SINTÉTICOS DE PRUEBA
Sandoná,Nariño,1.2867,-77.468,37,2024,2,16.8,23.3,81.3,DATOS SINTÉTICOS DE PRUEBA
Sandoná,Nariño,1.2867,-77.468,38,2024,4,16.7,62.1,81.6,DATOS SINTÉTICOS DE PRUEBA
Sandoná,Nariño,1.2867,-77.468,39,2024,1,16.7,54.3,85.9,DATOS SINTÉTICOS DE PRUEBA
Sandoná,Nariño,1.2867,-77.468,40,2024,5,16.7,81.1,80.9,DATOS SINTÉTICOS DE PRUEBA
Sandoná,Nariño,1.2867,-77.468,41,2024,1,16.8,98.7,84.9,DATOS SINTÉTICOS DE PRUEBA
Sandoná,Nariño,1.2867,-77.468,42,2024,2,16.8,32.1,79.0,DATOS SINTÉTICOS DE PRUEBA
Sandoná,Nariño,1.2867,-77.468,43,2024,1,16.9,49.2,84.4,DATOS SINTÉTICOS DE PRUEBA
Sandoná,Nariño,1.2867,-77.468,44,2024,1,17.0,73.0,83.5,DATOS SINTÉTICOS DE PRUEBA
Sandoná,Nariño,1.2867,-77.468,45,2024,1,17.2,68.7,80.0,DATOS SINTÉTICOS DE PRUEBA
Sandoná,Nariño,1.2867,-77.468,46,2024,2,17.3,109.6,81.4,DATOS SINTÉTICOS DE PRUEBA
Sandoná,Nariño,1.2867,-77.468,47,2024,3,17.5,108.0,87.1,DATOS SINTÉTICOS DE PRUEBA
Sandoná,Nariño,1.2867,-77.468,48,2024,1,17.7,110.4,85.6,DATOS SINTÉTICOS DE PRUEBA
Sandoná,Nariño,1.2867,-77.468,49,2024,4,17.9,104.6,87.7,DATOS SINTÉTICOS DE PRUEBA
Sandoná,Nariño,1.2867,-77.468,50,2024,4,18.1,112.0,79.7,DATOS SINTÉTICOS DE PRUEBA
Sandoná,Nariño,1.2867,-77.468,51,2024,1,18.3,133.2,82.2,DATOS SINTÉTICOS DE PRUEBA
Sandoná,Nariño,1.2867,-77.468,52,2024,0,18.5,118.5,77.2,DATOS SINTÉTICOS DE PRUEBA
Sandoná,Nariño,1.2867,-77.468,1,2025,3,18.7,122.4,79.9,DATOS SINTÉTICOS DE PRUEBA
Sandoná,Nariño,1.2867,-77.468,2,2025,1,18.9,144.7,87.6,DATOS SINTÉTICOS DE PRUEBA
Sandoná,Nariño,1.2867,-77.468,3,2025,5,19.1,151.2,77.8,DATOS SINTÉTICOS DE PRUEBA
Sandoná,Nariño,1.2867,-77.468,4,2025,0,19.3,136.1,84.9,DATOS SINTÉTICOS DE PRUEBA
Sandoná,Nariño,1.2867,-77.468,5,2025,1,19.5,167.9,81.2,DATOS SINTÉTICOS DE PRUEBA
Sandoná,Nariño,1.2867,-77.468,6,2025,0,19.7,136.5,85.7,DATOS SINTÉTICOS DE PRUEBA
Sandoná,Nariño,1.2867,-77.468,7,2025,4,19.8,145.6,88.0,DATOS SINTÉTICOS DE PRUEBA
Sandoná,Nariño,1.2867,-77.468,8,2025,2,20.0,124.2,83.0,DATOS SINTÉTICOS DE PRUEBA
Sandoná,Nariño,1.2867,-77.468,9,2025,1,20.1,150.5,82.6,DATOS SINTÉTICOS DE PRUEBA
Sandoná,Nariño,1.2867,-77.468,10,2025,0,20.2,183.2,82.6,DATOS SINTÉTICOS DE PRUEBA
Sandoná,Nariño,1.2867,-77.468,11,2025,1,20.2,157.1,88.6,DATOS SINTÉTICOS DE PRUEBA
Sandoná,Nariño,1.2867,-77.468,12,2025,1,20.3,167.5,86.8,DATOS SINTÉTICOS DE PRUEBA
Sandoná,Nariño,1.2867,-77.468,13,2025,2,20.3,143.2,87.6,DATOS SINTÉTICOS DE PRUEBA
Sandoná,Nariño,1.2867,-77.468,14,2025,3,20.3,159.1,78.8,DATOS SINTÉTICOS DE PRUEBA
Sandoná,Nariño,1.2867,-77.468,15,2025,4,20.2,180.1,82.1,DATOS SINTÉTICOS DE PRUEBA
Sandoná,Nariño,1.2867,-77.468,16,2025,2,20.2,104.9,85.2,DATOS SINTÉTICOS DE PRUEBA
Sandoná,Nariño,1.2867,-77.468,17,2025,1,20.1,146.0,84.0,DATOS SINTÉTICOS DE PRUEBA
Sandoná,Nariño,1.2867,-77.468,18,2025,1,20.0,131.7,81.8,DATOS SINTÉTICOS DE PRUEBA
Sandoná,Nariño,1.2867,-77.468,19,2025,2,19.8,127.5,83.3,DATOS SINTÉTICOS DE PRUEBA
Sandoná,Nariño,1.2867,-77.468,20,2025,3,19.7,127.4,75.8,DATOS SINTÉTICOS DE PRUEBA
Sandoná,Nariño,1.2867,-77.468,21,2025,4,19.5,99.0,85.6,DATOS SINTÉTICOS DE PRUEBA
Sandoná,Nariño,1.2867,-77.468,22,2025,4,19.3,87.7,90.7,DATOS SINTÉTICOS DE PRUEBA
Sandoná,Nariño,1.2867,-77.468,23,2025,1,19.1,108.3,81.3,DATOS SINTÉTICOS DE PRUEBA
Sandoná,Nariño,1.2867,-77.468,24,2025,4,18.9,69.7,83.7,DATOS SINTÉTICOS DE PRUEBA
Sandoná,Nariño,1.2867,-77.468,25,2025,3,18.7,86.6,81.2,DATOS SINTÉTICOS DE PRUEBA
Sandoná,Nariño,1.2867,-77.468,26,2025,1,18.5,60.7,79.7,DATOS SINTÉTICOS DE PRUEBA
Sandoná,Nariño,1.2867,-77.468,27,2025,2,18.3,72.0,79.0,DATOS SINTÉTICOS DE PRUEBA
Sandoná,Nariño,1.2867,-77.468,28,2025,0,18.1,28.7,82.1,DATOS SINTÉTICOS DE PRUEBA
Sandoná,Nariño,1.2867,-77.468,29,2025,3,17.9,33.7,79.7,DATOS SINTÉTICOS DE PRUEBA
Sandoná,Nariño,1.2867,-77.468,30,2025,1,17.7,74.4,80.4,DATOS SINTÉTICOS DE PRUEBA
Sandoná,Nariño,1.2867,-77.468,31,2025,4,17.5,40.3,82.0,DATOS SINTÉTICOS DE PRUEBA
Sandoná,Nariño,1.2867,-77.468,32,2025,2,17.3,15.7,83.3,DATOS SINTÉTICOS DE PRUEBA
Sandoná,Nariño,1.2867,-77.468,33,2025,2,17.2,50.4,80.9,DATOS SINTÉTICOS DE PRUEBA
Sandoná,Nariño,1.2867,-77.468,34,2025,1,17.0,19.5,82.8,DATOS SINTÉTICOS DE PRUEBA
Sandoná,Nariño,1.2867,-77.468,35,2025,3,16.9,42.8,80.1,DATOS SINTÉTICOS DE PRUEBA
Sandoná,Nariño,1.2867,-77.468,36,2025,0,16.8,53.9,80.1,DATOS SINTÉTICOS DE PRUEBA
Sandoná,Nariño,1.2867,-77.468,37,2025,1,16.8,38.0,81.9,DATOS SINTÉTICOS DE PRUEBA
Sandoná,Nariño,1.2867,-77.468,38,2025,3,16.7,48.8,86.1,DATOS SINTÉTICOS DE PRUEBA
Sandoná,Nariño,1.2867,-77.468,39,2025,2,16.7,68.7,77.8,DATOS SINTÉTICOS DE PRUEBA
Sandoná,Nariño,1.2867,-77.468,40,2025,2,16.7,71.6,85.0,DATOS SINTÉTICOS DE PRUEBA
Sandoná,Nariño,1.2867,-77.468,41,2025,1,16.8,46.0,86.9,DATOS SINTÉTICOS DE PRUEBA
Sandoná,Nariño,1.2867,-77.468,42,2025,0,16.8,52.2,95.1,DATOS SINTÉTICOS DE PRUEBA
Sandoná,Nariño,1.2867,-77.468,43,2025,3,16.9,72.3,85.8,DATOS SINTÉTICOS DE PRUEBA
Sandoná,Nariño,1.2867,-77.468,44,2025,2,17.0,73.8,74.6,DATOS SINTÉTICOS DE PRUEBA
Sandoná,Nariño,1.2867,-77.468,45,2025,3,17.2,86.4,69.5,DATOS SINTÉTICOS DE PRUEBA
Sandoná,Nariño,1.2867,-77.468,46,2025,3,17.3,83.2,82.5,DATOS SINTÉTICOS DE PRUEBA
Sandoná,Nariño,1.2867,-77.468,47,2025,2,17.5,97.8,85.8,DATOS SINTÉTICOS DE PRUEBA
Sandoná,Nariño,1.2867,-77.468,48,2025,2,17.7,79.2,91.5,DATOS SINTÉTICOS DE PRUEBA
Sandoná,Nariño,1.2867,-77.468,49,2025,5,17.9,104.8,82.4,DATOS SINTÉTICOS DE PRUEBA
Sandoná,Nariño,1.2867,-77.468,50,2025,2,18.1,126.4,85.5,DATOS SINTÉTICOS DE PRUEBA
Sandoná,Nariño,1.2867,-77.468,51,2025,4,18.3,75.1,79.5,DATOS SINTÉTICOS DE PRUEBA
Sandoná,Nariño,1.2867,-77.468,52,2025,2,18.5,105.1,73.9,DATOS SINTÉTICOS DE PRUEBA
Cumbal,Nariño,0.908,-77.791,1,2023,1,8.3,145.6,87.5,DATOS SINTÉTICOS DE PRUEBA
Cumbal,Nariño,0.908,-77.791,2,2023,3,8.5,124.8,77.3,DATOS SINTÉTICOS DE PRUEBA
Cumbal,Nariño,0.908,-77.791,3,2023,3,8.7,131.0,79.8,DATOS SINTÉTICOS DE PRUEBA
Cumbal,Nariño,0.908,-77.791,4,2023,3,8.9,159.7,79.8,DATOS SINTÉTICOS DE PRUEBA
Cumbal,Nariño,0.908,-77.791,5,2023,1,9.1,156.7,84.0,DATOS SINTÉTICOS DE PRUEBA
Cumbal,Nariño,0.908,-77.791,6,2023,1,9.3,140.9,76.5,DATOS SINTÉTICOS DE PRUEBA
Cumbal,Nariño,0.908,-77.791,7,2023,0,9.4,163.5,83.5,DATOS SINTÉTICOS DE PRUEBA
Cumbal,Nariño,0.908,-77.791,8,2023,1,9.6,157.0,84.8,DATOS SINTÉTICOS DE PRUEBA
Cumbal,Nariño,0.908,-77.791,9,2023,4,9.7,164.6,87.4,DATOS SINTÉTICOS DE PRUEBA
Cumbal,Nariño,0.908,-77.791,10,2023,0,9.8,160.9,85.9,DATOS SINTÉTICOS DE PRUEBA
Cumbal,Nariño,0.908,-77.791,11,2023,3,9.8,172.0,82.4,DATOS SINTÉTICOS DE PRUEBA
Cumbal,Nariño,0.908,-77.791,12,2023,1,9.9,151.2,84.3,DATOS SINTÉTICOS DE PRUEBA
Cumbal,Nariño,0.908,-77.791,13,2023,3,9.9,147.0,84.2,DATOS SINTÉTICOS DE PRUEBA
Cumbal,Nariño,0.908,-77.791,14,2023,2,9.9,162.0,83.0,DATOS SINTÉTICOS DE PRUEBA
Cumbal,Nariño,0.908,-77.791,15,2023,4,9.8,173.6,82.3,DATOS SINTÉTICOS DE PRUEBA
Cumbal,Nariño,0.908,-77.791,16,2023,4,9.8,120.6,79.4,DATOS SINTÉTICOS DE PRUEBA
Cumbal,Nariño,0.908,-77.791,17,2023,1,9.7,152.6,78.1,DATOS SINTÉTICOS DE PRUEBA
Cumbal,Nariño,0.908,-77.791,18,2023,5,9.6,153.4,71.9,DATOS SINTÉTICOS DE PRUEBA
Cumbal,Nariño,0.908,-77.791,19,2023,1,9.4,132.4,74.9,DATOS SINTÉTICOS DE PRUEBA
Cumbal,Nariño,0.908,-77.791,20,2023,2,9.3,131.0,87.6,DATOS SINTÉTICOS DE PRUEBA
Cumbal,Nariño,0.908,-77.791,21,2023,1,9.1,108.0,79.8,DATOS SINTÉTICOS DE PRUEBA
Cumbal,Nariño,0.908,-77.791,22,2023,2,8.9,109.8,83.8,DATOS SINTÉTICOS DE PRUEBA
Cumbal,Nariño,0.908,-77.791,23,2023,0,8.7,69.6,81.3,DATOS SINTÉTICOS DE PRUEBA
Cumbal,Nariño,0.908,-77.791,24,2023,2,8.5,76.8,82.4,DATOS SINTÉTICOS DE PRUEBA
Cumbal,Nariño,0.908,-77.791,25,2023,3,8.3,98.9,80.5,DATOS SINTÉTICOS DE PRUEBA
Cumbal,Nariño,0.908,-77.791,26,2023,2,8.1,75.7,84.3,DATOS SINTÉTICOS DE PRUEBA
Cumbal,Nariño,0.908,-77.791,27,2023,3,7.9,73.2,88.3,DATOS SINTÉTICOS DE PRUEBA
Cumbal,Nariño,0.908,-77.791,28,2023,3,7.7,54.7,74.4,DATOS SINTÉTICOS DE PRUEBA
Cumbal,Nariño,0.908,-77.791,29,2023,3,7.5,57.5,87.8,DATOS SINTÉTICOS DE PRUEBA
Cumbal,Nariño,0.908,-77.791,30,2023,0,7.3,68.6,77.8,DATOS SINTÉTICOS DE PRUEBA
Cumbal,Nariño,0.908,-77.791,31,2023,3,7.1,50.5,85.3,DATOS SINTÉTICOS DE PRUEBA
Cumbal,Nariño,0.908,-77.791,32,2023,5,6.9,62.3,78.0,DATOS SINTÉTICOS DE PRUEBA
Cumbal,Nariño,0.908,-77.791,33,2023,1,6.8,49.2,77.9,DATOS SINTÉTICOS DE PRUEBA
Cumbal,Nariño,0.908,-77.791,34,2023,3,6.6,55.1,87.2,DATOS SINTÉTICOS DE PRUEBA
Cumbal,Nariño,0.908,-77.791,35,2023,3,6.5,65.2,82.0,DATOS SINTÉTICOS DE PRUEBA
Cumbal,Nariño,0.908,-77.791,36,2023,0,6.4,45.0,83.6,DATOS SINTÉTICOS DE PRUEBA
Cumbal,Nariño,0.908,-77.791,37,2023,2,6.4,51.9,86.2,DATOS SINTÉTICOS DE PRUEBA
Cumbal,Nariño,0.908,-77.791,38,2023,4,6.3,65.6,79.3,DATOS SINTÉTICOS DE PRUEBA
Cumbal,Nariño,0.908,-77.791,39,2023,0,6.3,56.1,88.1,DATOS SINTÉTICOS DE PRUEBA
Cumbal,Nariño,0.908,-77.791,40,2023,1,6.3,38.8,79.6,DATOS SINTÉTICOS DE PRUEBA
Cumbal,Nariño,0.908,-77.791,41,2023,1,6.4,39.3,72.7,DATOS SINTÉTICOS DE PRUEBA
Cumbal,Nariño,0.908,-77.791,42,2023,2,6.4,89.6,82.5,DATOS SINTÉTICOS DE PRUEBA
Cumbal,Nariño,0.908,-77.791,43,2023,1,6.5,60.1,80.6,DATOS SINTÉTICOS DE PRUEBA
Cumbal,Nariño,0.908,-77.791,44,2023,0,6.6,63.2,76.8,DATOS SINTÉTICOS DE PRUEBA
Cumbal,Nariño,0.908,-77.791,45,2023,2,6.8,85.4,89.8,DATOS SINTÉTICOS DE PRUEBA
Cumbal,Nariño,0.908,-77.791,46,2023,0,6.9,77.3,78.3,DATOS SINTÉTICOS DE PRUEBA
Cumbal,Nariño,0.908,-77.791,47,2023,2,7.1,77.1,75.5,DATOS SINTÉTICOS DE PRUEBA
Cumbal,Nariño,0.908,-77.791,48,2023,2,7.3,106.4,84.5,DATOS SINTÉTICOS DE PRUEBA
Cumbal,Nariño,0.908,-77.791,49,2023,1,7.5,114.1,77.0,DATOS SINTÉTICOS DE PRUEBA
Cumbal,Nariño,0.908,-77.791,50,2023,0,7.7,119.7,84.0,DATOS SINTÉTICOS DE PRUEBA
Cumbal,Nariño,0.908,-77.791,51,2023,1,7.9,129.8,86.9,DATOS SINTÉTICOS DE PRUEBA
Cumbal,Nariño,0.908,-77.791,52,2023,1,8.1,127.1,77.4,DATOS SINTÉTICOS DE PRUEBA
Cumbal,Nariño,0.908,-77.791,1,2024,0,8.3,127.5,76.8,DATOS SINTÉTICOS DE PRUEBA
Cumbal,Nariño,0.908,-77.791,2,2024,2,8.5,139.5,81.6,DATOS SINTÉTICOS DE PRUEBA
Cumbal,Nariño,0.908,-77.791,3,2024,3,8.7,134.4,81.0,DATOS SINTÉTICOS DE PRUEBA
Cumbal,Nariño,0.908,-77.791,4,2024,0,8.9,168.0,83.0,DATOS SINTÉTICOS DE PRUEBA
Cumbal,Nariño,0.908,-77.791,5,2024,2,9.1,144.7,77.1,DATOS SINTÉTICOS DE PRUEBA
Cumbal,Nariño,0.908,-77.791,6,2024,3,9.3,162.1,80.1,DATOS SINTÉTICOS DE PRUEBA
Cumbal,Nariño,0.908,-77.791,7,2024,2,9.4,148.3,82.1,DATOS SINTÉTICOS DE PRUEBA
Cumbal,Nariño,0.908,-77.791,8,2024,2,9.6,142.0,78.7,DATOS SINTÉTICOS DE PRUEBA
Cumbal,Nariño,0.908,-77.791,9,2024,3,9.7,172.6,86.7,DATOS SINTÉTICOS DE PRUEBA
Cumbal,Nariño,0.908,-77.791,10,2024,2,9.8,148.4,81.1,DATOS SINTÉTICOS DE PRUEBA
Cumbal,Nariño,0.908,-77.791,11,2024,2,9.8,170.6,84.6,DATOS SINTÉTICOS DE PRUEBA
Cumbal,Nariño,0.908,-77.791,12,2024,2,9.9,186.2,79.1,DATOS SINTÉTICOS DE PRUEBA
Cumbal,Nariño,0.908,-77.791,13,2024,2,9.9,109.9,76.0,DATOS SINTÉTICOS DE PRUEBA
Cumbal,Nariño,0.908,-77.791,14,2024,1,9.9,120.1,81.3,DATOS SINTÉTICOS DE PRUEBA
Cumbal,Nariño,0.908,-77.791,15,2024,4,9.8,131.7,87.3,DATOS SINTÉTICOS DE PRUEBA
Cumbal,Nariño,0.908,-77.791,16,2024,1,9.8,138.3,78.7,DATOS SINTÉTICOS DE PRUEBA
Cumbal,Nariño,0.908,-77.791,17,2024,2,9.7,122.4,81.9,DATOS SINTÉTICOS DE PRUEBA
Cumbal,Nariño,0.908,-77.791,18,2024,4,9.6,144.6,83.5,DATOS SINTÉTICOS DE PRUEBA
Cumbal,Nariño,0.908,-77.791,19,2024,5,9.4,125.2,81.4,DATOS SINTÉTICOS DE PRUEBA
Cumbal,Nariño,0.908,-77.791,20,2024,1,9.3,122.7,82.2,DATOS SINTÉTICOS DE PRUEBA
Cumbal,Nariño,0.908,-77.791,21,2024,4,9.1,78.5,80.3,DATOS SINTÉTICOS DE PRUEBA
Cumbal,Nariño,0.908,-77.791,22,2024,3,8.9,103.0,78.4,DATOS SINTÉTICOS DE PRUEBA
Cumbal,Nariño,0.908,-77.791,23,2024,4,8.7,79.9,78.6,DATOS SINTÉTICOS DE PRUEBA
Cumbal,Nariño,0.908,-77.791,24,2024,2,8.5,114.9,78.1,DATOS SINTÉTICOS DE PRUEBA
Cumbal,Nariño,0.908,-77.791,25,2024,1,8.3,32.8,82.0,DATOS SINTÉTICOS DE PRUEBA
Cumbal,Nariño,0.908,-77.791,26,2024,1,8.1,65.4,85.1,DATOS SINTÉTICOS DE PRUEBA
Cumbal,Nariño,0.908,-77.791,27,2024,1,7.9,85.0,80.6,DATOS SINTÉTICOS DE PRUEBA
Cumbal,Nariño,0.908,-77.791,28,2024,3,7.7,59.3,76.5,DATOS SINTÉTICOS DE PRUEBA
Cumbal,Nariño,0.908,-77.791,29,2024,2,7.5,48.2,81.1,DATOS SINTÉTICOS DE PRUEBA
Cumbal,Nariño,0.908,-77.791,30,2024,2,7.3,58.5,86.6,DATOS SINTÉTICOS DE PRUEBA
Cumbal,Nariño,0.908,-77.791,31,2024,1,7.1,61.0,82.6,DATOS SINTÉTICOS DE PRUEBA
Cumbal,Nariño,0.908,-77.791,32,2024,3,6.9,62.0,84.5,DATOS SINTÉTICOS DE PRUEBA
Cumbal,Nariño,0.908,-77.791,33,2024,0,6.8,58.7,75.2,DATOS SINTÉTICOS DE PRUEBA
Cumbal,Nariño,0.908,-77.791,34,2024,3,6.6,66.9,78.2,DATOS SINTÉTICOS DE PRUEBA
Cumbal,Nariño,0.908,-77.791,35,2024,2,6.5,51.7,84.4,DATOS SINTÉTICOS DE PRUEBA
Cumbal,Nariño,0.908,-77.791,36,2024,6,6.4,42.9,83.7,DATOS SINTÉTICOS DE PRUEBA
Cumbal,Nariño,0.908,-77.791,37,2024,3,6.4,62.1,82.0,DATOS SINTÉTICOS DE PRUEBA
Cumbal,Nariño,0.908,-77.791,38,2024,2,6.3,54.1,81.2,DATOS SINTÉTICOS DE PRUEBA
Cumbal,Nariño,0.908,-77.791,39,2024,2,6.3,61.1,83.2,DATOS SINTÉTICOS DE PRUEBA
Cumbal,Nariño,0.908,-77.791,40,2024,2,6.3,82.3,70.2,DATOS SINTÉTICOS DE PRUEBA
Cumbal,Nariño,0.908,-77.791,41,2024,0,6.4,57.4,77.9,DATOS SINTÉTICOS DE PRUEBA
Cumbal,Nariño,0.908,-77.791,42,2024,2,6.4,64.9,88.0,DATOS SINTÉTICOS DE PRUEBA
Cumbal,Nariño,0.908,-77.791,43,2024,0,6.5,58.6,79.4,DATOS SINTÉTICOS DE PRUEBA
Cumbal,Nariño,0.908,-77.791,44,2024,1,6.6,83.3,83.9,DATOS SINTÉTICOS DE PRUEBA
Cumbal,Nariño,0.908,-77.791,45,2024,3,6.8,79.7,80.5,DATOS SINTÉTICOS DE PRUEBA
Cumbal,Nariño,0.908,-77.791,46,2024,2,6.9,89.6,80.5,DATOS SINTÉTICOS DE PRUEBA
Cumbal,Nariño,0.908,-77.791,47,2024,2,7.1,86.2,76.8,DATOS SINTÉTICOS DE PRUEBA
Cumbal,Nariño,0.908,-77.791,48,2024,0,7.3,41.3,77.1,DATOS SINTÉTICOS DE PRUEBA
Cumbal,Nariño,0.908,-77.791,49,2024,2,7.5,125.3,80.5,DATOS SINTÉTICOS DE PRUEBA
Cumbal,Nariño,0.908,-77.791,50,2024,0,7.7,117.6,77.1,DATOS SINTÉTICOS DE PRUEBA
Cumbal,Nariño,0.908,-77.791,51,2024,0,7.9,117.3,83.4,DATOS SINTÉTICOS DE PRUEBA
Cumbal,Nariño,0.908,-77.791,52,2024,3,8.1,160.8,83.7,DATOS SINTÉTICOS DE PRUEBA
Cumbal,Nariño,0.908,-77.791,1,2025,3,8.3,114.7,83.9,DATOS SINTÉTICOS DE PRUEBA
Cumbal,Nariño,0.908,-77.791,2,2025,1,8.5,116.7,77.0,DATOS SINTÉTICOS DE PRUEBA
Cumbal,Nariño,0.908,-77.791,3,2025,3,8.7,192.7,81.5,DATOS SINTÉTICOS DE PRUEBA
Cumbal,Nariño,0.908,-77.791,4,2025,2,8.9,136.5,73.5,DATOS SINTÉTICOS DE PRUEBA
Cumbal,Nariño,0.908,-77.791,5,2025,4,9.1,116.8,80.9,DATOS SINTÉTICOS DE PRUEBA
Cumbal,Nariño,0.908,-77.791,6,2025,3,9.3,162.1,86.3,DATOS SINTÉTICOS DE PRUEBA
Cumbal,Nariño,0.908,-77.791,7,2025,2,9.4,164.6,75.9,DATOS SINTÉTICOS DE PRUEBA
Cumbal,Nariño,0.908,-77.791,8,2025,2,9.6,129.4,78.0,DATOS SINTÉTICOS DE PRUEBA
Cumbal,Nariño,0.908,-77.791,9,2025,4,9.7,133.6,84.8,DATOS SINTÉTICOS DE PRUEBA
Cumbal,Nariño,0.908,-77.791,10,2025,2,9.8,151.7,77.4,DATOS SINTÉTICOS DE PRUEBA
Cumbal,Nariño,0.908,-77.791,11,2025,1,9.8,142.0,82.5,DATOS SINTÉTICOS DE PRUEBA
Cumbal,Nariño,0.908,-77.791,12,2025,1,9.9,123.6,76.4,DATOS SINTÉTICOS DE PRUEBA
Cumbal,Nariño,0.908,-77.791,13,2025,0,9.9,121.0,87.0,DATOS SINTÉTICOS DE PRUEBA
Cumbal,Nariño,0.908,-77.791,14,2025,3,9.9,147.4,81.2,DATOS SINTÉTICOS DE PRUEBA
Cumbal,Nariño,0.908,-77.791,15,2025,1,9.8,133.3,85.6,DATOS SINTÉTICOS DE PRUEBA
Cumbal,Nariño,0.908,-77.791,16,2025,2,9.8,113.9,78.5,DATOS SINTÉTICOS DE PRUEBA
Cumbal,Nariño,0.908,-77.791,17,2025,4,9.7,148.3,83.9,DATOS SINTÉTICOS DE PRUEBA
Cumbal,Nariño,0.908,-77.791,18,2025,3,9.6,119.8,81.4,DATOS SINTÉTICOS DE PRUEBA
Cumbal,Nariño,0.908,-77.791,19,2025,3,9.4,112.8,83.7,DATOS SINTÉTICOS DE PRUEBA
Cumbal,Nariño,0.908,-77.791,20,2025,3,9.3,119.7,79.0,DATOS SINTÉTICOS DE PRUEBA
Cumbal,Nariño,0.908,-77.791,21,2025,3,9.1,70.1,78.3,DATOS SINTÉTICOS DE PRUEBA
Cumbal,Nariño,0.908,-77.791,22,2025,3,8.9,68.1,76.5,DATOS SINTÉTICOS DE PRUEBA
Cumbal,Nariño,0.908,-77.791,23,2025,0,8.7,85.7,78.0,DATOS SINTÉTICOS DE PRUEBA
Cumbal,Nariño,0.908,-77.791,24,2025,4,8.5,94.3,81.3,DATOS SINTÉTICOS DE PRUEBA
Cumbal,Nariño,0.908,-77.791,25,2025,5,8.3,100.0,83.0,DATOS SINTÉTICOS DE PRUEBA
Cumbal,Nariño,0.908,-77.791,26,2025,4,8.1,57.0,79.8,DATOS SINTÉTICOS DE PRUEBA
Cumbal,Nariño,0.908,-77.791,27,2025,1,7.9,59.2,69.8,DATOS SINTÉTICOS DE PRUEBA
Cumbal,Nariño,0.908,-77.791,28,2025,4,7.7,57.5,82.2,DATOS SINTÉTICOS DE PRUEBA
Cumbal,Nariño,0.908,-77.791,29,2025,2,7.5,38.7,84.4,DATOS SINTÉTICOS DE PRUEBA
Cumbal,Nariño,0.908,-77.791,30,2025,1,7.3,83.2,77.2,DATOS SINTÉTICOS DE PRUEBA
Cumbal,Nariño,0.908,-77.791,31,2025,1,7.1,55.3,80.2,DATOS SINTÉTICOS DE PRUEBA
Cumbal,Nariño,0.908,-77.791,32,2025,5,6.9,50.8,84.5,DATOS SINTÉTICOS DE PRUEBA
Cumbal,Nariño,0.908,-77.791,33,2025,2,6.8,43.5,83.1,DATOS SINTÉTICOS DE PRUEBA
Cumbal,Nariño,0.908,-77.791,34,2025,3,6.6,65.7,84.7,DATOS SINTÉTICOS DE PRUEBA
Cumbal,Nariño,0.908,-77.791,35,2025,1,6.5,60.2,83.3,DATOS SINTÉTICOS DE PRUEBA
Cumbal,Nariño,0.908,-77.791,36,2025,1,6.4,53.8,82.4,DATOS SINTÉTICOS DE PRUEBA
Cumbal,Nariño,0.908,-77.791,37,2025,4,6.4,47.9,74.7,DATOS SINTÉTICOS DE PRUEBA
Cumbal,Nariño,0.908,-77.791,38,2025,0,6.3,36.4,77.4,DATOS SINTÉTICOS DE PRUEBA
Cumbal,Nariño,0.908,-77.791,39,2025,2,6.3,45.8,80.1,DATOS SINTÉTICOS DE PRUEBA
Cumbal,Nariño,0.908,-77.791,40,2025,4,6.3,64.2,75.7,DATOS SINTÉTICOS DE PRUEBA
Cumbal,Nariño,0.908,-77.791,41,2025,4,6.4,90.4,75.0,DATOS SINTÉTICOS DE PRUEBA
Cumbal,Nariño,0.908,-77.791,42,2025,3,6.4,81.4,85.8,DATOS SINTÉTICOS DE PRUEBA
Cumbal,Nariño,0.908,-77.791,43,2025,0,6.5,66.8,79.7,DATOS SINTÉTICOS DE PRUEBA
Cumbal,Nariño,0.908,-77.791,44,2025,2,6.6,59.0,72.3,DATOS SINTÉTICOS DE PRUEBA
Cumbal,Nariño,0.908,-77.791,45,2025,1,6.8,55.6,79.9,DATOS SINTÉTICOS DE PRUEBA
Cumbal,Nariño,0.908,-77.791,46,2025,1,6.9,79.5,77.6,DATOS SINTÉTICOS DE PRUEBA
Cumbal,Nariño,0.908,-77.791,47,2025,2,7.1,90.5,76.2,DATOS SINTÉTICOS DE PRUEBA
Cumbal,Nariño,0.908,-77.791,48,2025,3,7.3,99.0,85.2,DATOS SINTÉTICOS DE PRUEBA
Cumbal,Nariño,0.908,-77.791,49,2025,1,7.5,137.4,79.2,DATOS SINTÉTICOS DE PRUEBA
Cumbal,Nariño,0.908,-77.791,50,2025,1,7.7,125.0,77.1,DATOS SINTÉTICOS DE PRUEBA
Cumbal,Nariño,0.908,-77.791,51,2025,2,7.9,141.1,76.4,DATOS SINTÉTICOS DE PRUEBA
Cumbal,Nariño,0.908,-77.791,52,2025,6,8.1,140.1,78.5,DATOS SINTÉTICOS DE PRUEBA
Barbacoas,Nariño,1.6717,-78.1398,1,2023,0,25.2,130.8,85.9,DATOS SINTÉTICOS DE PRUEBA
Barbacoas,Nariño,1.6717,-78.1398,2,2023,2,25.4,136.9,93.0,DATOS SINTÉTICOS DE PRUEBA
Barbacoas,Nariño,1.6717,-78.1398,3,2023,4,25.6,129.0,88.8,DATOS SINTÉTICOS DE PRUEBA
Barbacoas,Nariño,1.6717,-78.1398,4,2023,1,25.8,160.3,88.7,DATOS SINTÉTICOS DE PRUEBA
Barbacoas,Nariño,1.6717,-78.1398,5,2023,1,26.0,139.8,88.8,DATOS SINTÉTICOS DE PRUEBA
Barbacoas,Nariño,1.6717,-78.1398,6,2023,1,26.2,161.2,89.2,DATOS SINTÉTICOS DE PRUEBA
Barbacoas,Nariño,1.6717,-78.1398,7,2023,0,26.3,149.0,93.2,DATOS SINTÉTICOS DE PRUEBA
Barbacoas,Nariño,1.6717,-78.1398,8,2023,1,26.5,173.6,85.3,DATOS SINTÉTICOS DE PRUEBA
Barbacoas,Nariño,1.6717,-78.1398,9,2023,3,26.6,148.9,89.4,DATOS SINTÉTICOS DE PRUEBA
Barbacoas,Nariño,1.6717,-78.1398,10,2023,2,26.7,143.8,87.4,DATOS SINTÉTICOS DE PRUEBA
Barbacoas,Nariño,1.6717,-78.1398,11,2023,2,26.7,163.1,80.0,DATOS SINTÉTICOS DE PRUEBA
Barbacoas,Nariño,1.6717,-78.1398,12,2023,0,26.8,142.0,88.4,DATOS SINTÉTICOS DE PRUEBA
Barbacoas,Nariño,1.6717,-78.1398,13,2023,3,26.8,169.4,82.0,DATOS SINTÉTICOS DE PRUEBA
Barbacoas,Nariño,1.6717,-78.1398,14,2023,4,26.8,123.0,86.8,DATOS SINTÉTICOS DE PRUEBA
Barbacoas,Nariño,1.6717,-78.1398,15,2023,3,26.7,179.2,86.9,DATOS SINTÉTICOS DE PRUEBA
Barbacoas,Nariño,1.6717,-78.1398,16,2023,2,26.7,141.9,90.7,DATOS SINTÉTICOS DE PRUEBA
Barbacoas,Nariño,1.6717,-78.1398,17,2023,1,26.6,150.8,81.5,DATOS SINTÉTICOS DE PRUEBA
Barbacoas,Nariño,1.6717,-78.1398,18,2023,3,26.5,128.9,88.4,DATOS SINTÉTICOS DE PRUEBA
Barbacoas,Nariño,1.6717,-78.1398,19,2023,5,26.3,124.5,87.8,DATOS SINTÉTICOS DE PRUEBA
Barbacoas,Nariño,1.6717,-78.1398,20,2023,4,26.2,138.1,88.8,DATOS SINTÉTICOS DE PRUEBA
Barbacoas,Nariño,1.6717,-78.1398,21,2023,3,26.0,91.0,88.6,DATOS SINTÉTICOS DE PRUEBA
Barbacoas,Nariño,1.6717,-78.1398,22,2023,3,25.8,100.7,82.3,DATOS SINTÉTICOS DE PRUEBA
Barbacoas,Nariño,1.6717,-78.1398,23,2023,1,25.6,70.6,90.8,DATOS SINTÉTICOS DE PRUEBA
Barbacoas,Nariño,1.6717,-78.1398,24,2023,3,25.4,63.9,93.2,DATOS SINTÉTICOS DE PRUEBA
Barbacoas,Nariño,1.6717,-78.1398,25,2023,3,25.2,79.4,82.6,DATOS SINTÉTICOS DE PRUEBA
Barbacoas,Nariño,1.6717,-78.1398,26,2023,2,25.0,93.5,90.5,DATOS SINTÉTICOS DE PRUEBA
Barbacoas,Nariño,1.6717,-78.1398,27,2023,0,24.8,63.4,88.7,DATOS SINTÉTICOS DE PRUEBA
Barbacoas,Nariño,1.6717,-78.1398,28,2023,1,24.6,54.1,90.3,DATOS SINTÉTICOS DE PRUEBA
Barbacoas,Nariño,1.6717,-78.1398,29,2023,4,24.4,73.8,94.2,DATOS SINTÉTICOS DE PRUEBA
Barbacoas,Nariño,1.6717,-78.1398,30,2023,2,24.2,56.9,81.4,DATOS SINTÉTICOS DE PRUEBA
Barbacoas,Nariño,1.6717,-78.1398,31,2023,3,24.0,58.3,89.3,DATOS SINTÉTICOS DE PRUEBA
Barbacoas,Nariño,1.6717,-78.1398,32,2023,2,23.8,38.6,88.0,DATOS SINTÉTICOS DE PRUEBA
Barbacoas,Nariño,1.6717,-78.1398,33,2023,4,23.7,21.5,88.0,DATOS SINTÉTICOS DE PRUEBA
Barbacoas,Nariño,1.6717,-78.1398,34,2023,4,23.5,33.2,88.7,DATOS SINTÉTICOS DE PRUEBA
Barbacoas,Nariño,1.6717,-78.1398,35,2023,2,23.4,14.7,92.5,DATOS SINTÉTICOS DE PRUEBA
Barbacoas,Nariño,1.6717,-78.1398,36,2023,5,23.3,87.8,83.6,DATOS SINTÉTICOS DE PRUEBA
Barbacoas,Nariño,1.6717,-78.1398,37,2023,2,23.3,50.6,89.0,DATOS SINTÉTICOS DE PRUEBA
Barbacoas,Nariño,1.6717,-78.1398,38,2023,0,23.2,22.1,87.2,DATOS SINTÉTICOS DE PRUEBA
Barbacoas,Nariño,1.6717,-78.1398,39,2023,1,23.2,55.8,86.8,DATOS SINTÉTICOS DE PRUEBA
Barbacoas,Nariño,1.6717,-78.1398,40,2023,2,23.2,79.9,86.9,DATOS SINTÉTICOS DE PRUEBA
Barbacoas,Nariño,1.6717,-78.1398,41,2023,2,23.3,58.2,85.2,DATOS SINTÉTICOS DE PRUEBA
Barbacoas,Nariño,1.6717,-78.1398,42,2023,4,23.3,58.4,80.4,DATOS SINTÉTICOS DE PRUEBA
Barbacoas,Nariño,1.6717,-78.1398,43,2023,1,23.4,59.1,81.1,DATOS SINTÉTICOS DE PRUEBA
Barbacoas,Nariño,1.6717,-78.1398,44,2023,0,23.5,69.1,97.9,DATOS SINTÉTICOS DE PRUEBA
Barbacoas,Nariño,1.6717,-78.1398,45,2023,4,23.7,79.6,85.6,DATOS SINTÉTICOS DE PRUEBA
Barbacoas,Nariño,1.6717,-78.1398,46,2023,0,23.8,108.5,88.2,DATOS SINTÉTICOS DE PRUEBA
Barbacoas,Nariño,1.6717,-78.1398,47,2023,1,24.0,96.0,88.8,DATOS SINTÉTICOS DE PRUEBA
Barbacoas,Nariño,1.6717,-78.1398,48,2023,4,24.2,91.2,82.1,DATOS SINTÉTICOS DE PRUEBA
Barbacoas,Nariño,1.6717,-78.1398,49,2023,3,24.4,95.0,86.9,DATOS SINTÉTICOS DE PRUEBA
Barbacoas,Nariño,1.6717,-78.1398,50,2023,3,24.6,123.4,85.0,DATOS SINTÉTICOS DE PRUEBA
Barbacoas,Nariño,1.6717,-78.1398,51,2023,2,24.8,102.9,88.4,DATOS SINTÉTICOS DE PRUEBA
Barbacoas,Nariño,1.6717,-78.1398,52,2023,1,25.0,116.6,84.4,DATOS SINTÉTICOS DE PRUEBA
Barbacoas,Nariño,1.6717,-78.1398,1,2024,0,25.2,128.1,89.7,DATOS SINTÉTICOS DE PRUEBA
Barbacoas,Nariño,1.6717,-78.1398,2,2024,3,25.4,186.1,82.6,DATOS SINTÉTICOS DE PRUEBA
Barbacoas,Nariño,1.6717,-78.1398,3,2024,0,25.6,125.8,86.4,DATOS SINTÉTICOS DE PRUEBA
Barbacoas,Nariño,1.6717,-78.1398,4,2024,0,25.8,132.8,89.3,DATOS SINTÉTICOS DE PRUEBA
Barbacoas,Nariño,1.6717,-78.1398,5,2024,3,26.0,155.1,90.0,DATOS SINTÉTICOS DE PRUEBA
Barbacoas,Nariño,1.6717,-78.1398,6,2024,2,26.2,140.1,89.6,DATOS SINTÉTICOS DE PRUEBA
Barbacoas,Nariño,1.6717,-78.1398,7,2024,0,26.3,139.5,87.4,DATOS SINTÉTICOS DE PRUEBA
Barbacoas,Nariño,1.6717,-78.1398,8,2024,3,26.5,144.4,82.2,DATOS SINTÉTICOS DE PRUEBA
Barbacoas,Nariño,1.6717,-78.1398,9,2024,5,26.6,166.0,89.8,DATOS SINTÉTICOS DE PRUEBA
Barbacoas,Nariño,1.6717,-78.1398,10,2024,1,26.7,178.8,92.7,DATOS SINTÉTICOS DE PRUEBA
Barbacoas,Nariño,1.6717,-78.1398,11,2024,3,26.7,157.2,92.1,DATOS SINTÉTICOS DE PRUEBA
Barbacoas,Nariño,1.6717,-78.1398,12,2024,4,26.8,155.2,85.6,DATOS SINTÉTICOS DE PRUEBA
Barbacoas,Nariño,1.6717,-78.1398,13,2024,1,26.8,178.5,89.9,DATOS SINTÉTICOS DE PRUEBA
Barbacoas,Nariño,1.6717,-78.1398,14,2024,3,26.8,131.6,94.1,DATOS SINTÉTICOS DE PRUEBA
Barbacoas,Nariño,1.6717,-78.1398,15,2024,4,26.7,143.0,78.0,DATOS SINTÉTICOS DE PRUEBA
Barbacoas,Nariño,1.6717,-78.1398,16,2024,4,26.7,115.5,87.6,DATOS SINTÉTICOS DE PRUEBA
Barbacoas,Nariño,1.6717,-78.1398,17,2024,0,26.6,119.5,84.0,DATOS SINTÉTICOS DE PRUEBA
Barbacoas,Nariño,1.6717,-78.1398,18,2024,2,26.5,113.1,94.0,DATOS SINTÉTICOS DE PRUEBA
Barbacoas,Nariño,1.6717,-78.1398,19,2024,6,26.3,100.7,89.6,DATOS SINTÉTICOS DE PRUEBA
Barbacoas,Nariño,1.6717,-78.1398,20,2024,5,26.2,112.1,92.7,DATOS SINTÉTICOS DE PRUEBA
Barbacoas,Nariño,1.6717,-78.1398,21,2024,1,26.0,98.7,86.1,DATOS SINTÉTICOS DE PRUEBA
Barbacoas,Nariño,1.6717,-78.1398,22,2024,3,25.8,112.9,85.3,DATOS SINTÉTICOS DE PRUEBA
Barbacoas,Nariño,1.6717,-78.1398,23,2024,3,25.6,72.1,81.2,DATOS SINTÉTICOS DE PRUEBA
Barbacoas,Nariño,1.6717,-78.1398,24,2024,3,25.4,58.3,86.0,DATOS SINTÉTICOS DE PRUEBA
Barbacoas,Nariño,1.6717,-78.1398,25,2024,2,25.2,87.7,83.2,DATOS SINTÉTICOS DE PRUEBA
Barbacoas,Nariño,1.6717,-78.1398,26,2024,3,25.0,86.0,86.9,DATOS SINTÉTICOS DE PRUEBA
Barbacoas,Nariño,1.6717,-78.1398,27,2024,4,24.8,29.1,83.7,DATOS SINTÉTICOS DE PRUEBA
Barbacoas,Nariño,1.6717,-78.1398,28,2024,2,24.6,52.6,84.9,DATOS SINTÉTICOS DE PRUEBA
Barbacoas,Nariño,1.6717,-78.1398,29,2024,4,24.4,71.8,91.8,DATOS SINTÉTICOS DE PRUEBA
Barbacoas,Nariño,1.6717,-78.1398,30,2024,1,24.2,64.0,82.0,DATOS SINTÉTICOS DE PRUEBA
Barbacoas,Nariño,1.6717,-78.1398,31,2024,2,24.0,47.0,88.2,DATOS SINTÉTICOS DE PRUEBA
Barbacoas,Nariño,1.6717,-78.1398,32,2024,2,23.8,60.1,90.9,DATOS SINTÉTICOS DE PRUEBA
Barbacoas,Nariño,1.6717,-78.1398,33,2024,2,23.7,24.4,83.4,DATOS SINTÉTICOS DE PRUEBA
Barbacoas,Nariño,1.6717,-78.1398,34,2024,1,23.5,57.3,86.9,DATOS SINTÉTICOS DE PRUEBA
Barbacoas,Nariño,1.6717,-78.1398,35,2024,0,23.4,67.5,87.4,DATOS SINTÉTICOS DE PRUEBA
Barbacoas,Nariño,1.6717,-78.1398,36,2024,0,23.3,72.2,85.1,DATOS SINTÉTICOS DE PRUEBA
Barbacoas,Nariño,1.6717,-78.1398,37,2024,4,23.3,53.4,94.4,DATOS SINTÉTICOS DE PRUEBA
Barbacoas,Nariño,1.6717,-78.1398,38,2024,4,23.2,67.0,83.9,DATOS SINTÉTICOS DE PRUEBA
Barbacoas,Nariño,1.6717,-78.1398,39,2024,0,23.2,84.6,86.2,DATOS SINTÉTICOS DE PRUEBA
Barbacoas,Nariño,1.6717,-78.1398,40,2024,2,23.2,47.8,95.1,DATOS SINTÉTICOS DE PRUEBA
Barbacoas,Nariño,1.6717,-78.1398,41,2024,3,23.3,31.9,90.7,DATOS SINTÉTICOS DE PRUEBA
Barbacoas,Nariño,1.6717,-78.1398,42,2024,2,23.3,68.2,83.9,DATOS SINTÉTICOS DE PRUEBA
Barbacoas,Nariño,1.6717,-78.1398,43,2024,3,23.4,82.7,91.5,DATOS SINTÉTICOS DE PRUEBA
Barbacoas,Nariño,1.6717,-78.1398,44,2024,0,23.5,23.5,93.3,DATOS SINTÉTICOS DE PRUEBA
Barbacoas,Nariño,1.6717,-78.1398,45,2024,3,23.7,120.6,84.9,DATOS SINTÉTICOS DE PRUEBA
Barbacoas,Nariño,1.6717,-78.1398,46,2024,3,23.8,87.9,93.7,DATOS SINTÉTICOS DE PRUEBA
Barbacoas,Nariño,1.6717,-78.1398,47,2024,2,24.0,111.3,83.0,DATOS SINTÉTICOS DE PRUEBA
Barbacoas,Nariño,1.6717,-78.1398,48,2024,0,24.2,90.9,84.9,DATOS SINTÉTICOS DE PRUEBA
Barbacoas,Nariño,1.6717,-78.1398,49,2024,3,24.4,83.4,98.1,DATOS SINTÉTICOS DE PRUEBA
Barbacoas,Nariño,1.6717,-78.1398,50,2024,3,24.6,109.5,84.6,DATOS SINTÉTICOS DE PRUEBA
Barbacoas,Nariño,1.6717,-78.1398,51,2024,3,24.8,134.9,88.3,DATOS SINTÉTICOS DE PRUEBA
Barbacoas,Nariño,1.6717,-78.1398,52,2024,0,25.0,129.3,79.5,DATOS SINTÉTICOS DE PRUEBA
Barbacoas,Nariño,1.6717,-78.1398,1,2025,1,25.2,121.7,83.7,DATOS SINTÉTICOS DE PRUEBA
Barbacoas,Nariño,1.6717,-78.1398,2,2025,1,25.4,128.9,83.7,DATOS SINTÉTICOS DE PRUEBA
Barbacoas,Nariño,1.6717,-78.1398,3,2025,4,25.6,127.6,83.7,DATOS SINTÉTICOS DE PRUEBA
Barbacoas,Nariño,1.6717,-78.1398,4,2025,3,25.8,129.7,83.6,DATOS SINTÉTICOS DE PRUEBA
Barbacoas,Nariño,1.6717,-78.1398,5,2025,3,26.0,157.1,82.9,DATOS SINTÉTICOS DE PRUEBA
Barbacoas,Nariño,1.6717,-78.1398,6,2025,3,26.2,150.5,84.6,DATOS SINTÉTICOS DE PRUEBA
Barbacoas,Nariño,1.6717,-78.1398,7,2025,0,26.3,174.4,88.1,DATOS SINTÉTICOS DE PRUEBA
Barbacoas,Nariño,1.6717,-78.1398,8,2025,4,26.5,157.9,87.4,DATOS SINTÉTICOS DE PRUEBA
Barbacoas,Nariño,1.6717,-78.1398,9,2025,1,26.6,152.2,88.9,DATOS SINTÉTICOS DE PRUEBA
Barbacoas,Nariño,1.6717,-78.1398,10,2025,1,26.7,151.2,83.5,DATOS SINTÉTICOS DE PRUEBA
Barbacoas,Nariño,1.6717,-78.1398,11,2025,1,26.7,167.1,85.9,DATOS SINTÉTICOS DE PRUEBA
Barbacoas,Nariño,1.6717,-78.1398,12,2025,3,26.8,145.5,88.5,DATOS SINTÉTICOS DE PRUEBA
Barbacoas,Nariño,1.6717,-78.1398,13,2025,2,26.8,134.4,88.5,DATOS SINTÉTICOS DE PRUEBA
Barbacoas,Nariño,1.6717,-78.1398,14,2025,2,26.8,176.3,85.9,DATOS SINTÉTICOS DE PRUEBA
Barbacoas,Nariño,1.6717,-78.1398,15,2025,0,26.7,157.7,90.2,DATOS SINTÉTICOS DE PRUEBA
Barbacoas,Nariño,1.6717,-78.1398,16,2025,5,26.7,150.7,87.7,DATOS SINTÉTICOS DE PRUEBA
Barbacoas,Nariño,1.6717,-78.1398,17,2025,0,26.6,125.4,92.1,DATOS SINTÉTICOS DE PRUEBA
Barbacoas,Nariño,1.6717,-78.1398,18,2025,1,26.5,143.2,94.4,DATOS SINTÉTICOS DE PRUEBA
Barbacoas,Nariño,1.6717,-78.1398,19,2025,3,26.3,113.1,86.1,DATOS SINTÉTICOS DE PRUEBA
Barbacoas,Nariño,1.6717,-78.1398,20,2025,4,26.2,140.2,94.5,DATOS SINTÉTICOS DE PRUEBA
Barbacoas,Nariño,1.6717,-78.1398,21,2025,3,26.0,134.3,87.3,DATOS SINTÉTICOS DE PRUEBA
Barbacoas,Nariño,1.6717,-78.1398,22,2025,2,25.8,95.7,85.0,DATOS SINTÉTICOS DE PRUEBA
Barbacoas,Nariño,1.6717,-78.1398,23,2025,2,25.6,83.0,86.5,DATOS SINTÉTICOS DE PRUEBA
Barbacoas,Nariño,1.6717,-78.1398,24,2025,2,25.4,100.0,90.3,DATOS SINTÉTICOS DE PRUEBA
Barbacoas,Nariño,1.6717,-78.1398,25,2025,2,25.2,95.6,87.3,DATOS SINTÉTICOS DE PRUEBA
Barbacoas,Nariño,1.6717,-78.1398,26,2025,0,25.0,89.7,83.8,DATOS SINTÉTICOS DE PRUEBA
Barbacoas,Nariño,1.6717,-78.1398,27,2025,4,24.8,55.8,87.7,DATOS SINTÉTICOS DE PRUEBA
Barbacoas,Nariño,1.6717,-78.1398,28,2025,3,24.6,66.0,89.6,DATOS SINTÉTICOS DE PRUEBA
Barbacoas,Nariño,1.6717,-78.1398,29,2025,2,24.4,51.5,91.1,DATOS SINTÉTICOS DE PRUEBA
Barbacoas,Nariño,1.6717,-78.1398,30,2025,4,24.2,42.0,84.2,DATOS SINTÉTICOS DE PRUEBA
Barbacoas,Nariño,1.6717,-78.1398,31,2025,0,24.0,71.5,89.2,DATOS SINTÉTICOS DE PRUEBA
Barbacoas,Nariño,1.6717,-78.1398,32,2025,2,23.8,38.6,87.5,DATOS SINTÉTICOS DE PRUEBA
Barbacoas,Nariño,1.6717,-78.1398,33,2025,1,23.7,86.0,87.0,DATOS SINTÉTICOS DE PRUEBA
Barbacoas,Nariño,1.6717,-78.1398,34,2025,2,23.5,40.5,84.6,DATOS SINTÉTICOS DE PRUEBA
Barbacoas,Nariño,1.6717,-78.1398,35,2025,0,23.4,29.7,84.4,DATOS SINTÉTICOS DE PRUEBA
Barbacoas,Nariño,1.6717,-78.1398,36,2025,3,23.3,31.0,87.0,DATOS SINTÉTICOS DE PRUEBA
Barbacoas,Nariño,1.6717,-78.1398,37,2025,2,23.3,36.1,87.8,DATOS SINTÉTICOS DE PRUEBA
Barbacoas,Nariño,1.6717,-78.1398,38,2025,1,23.2,77.8,83.3,DATOS SINTÉTICOS DE PRUEBA
Barbacoas,Nariño,1.6717,-78.1398,39,2025,0,23.2,52.9,87.1,DATOS SINTÉTICOS DE PRUEBA
Barbacoas,Nariño,1.6717,-78.1398,40,2025,0,23.2,93.0,87.3,DATOS SINTÉTICOS DE PRUEBA
Barbacoas,Nariño,1.6717,-78.1398,41,2025,1,23.3,22.9,89.1,DATOS SINTÉTICOS DE PRUEBA
Barbacoas,Nariño,1.6717,-78.1398,42,2025,4,23.3,73.6,86.5,DATOS SINTÉTICOS DE PRUEBA
Barbacoas,Nariño,1.6717,-78.1398,43,2025,2,23.4,25.1,89.1,DATOS SINTÉTICOS DE PRUEBA
Barbacoas,Nariño,1.6717,-78.1398,44,2025,2,23.5,83.4,92.0,DATOS SINTÉTICOS DE PRUEBA
Barbacoas,Nariño,1.6717,-78.1398,45,2025,4,23.7,113.5,83.8,DATOS SINTÉTICOS DE PRUEBA
Barbacoas,Nariño,1.6717,-78.1398,46,2025,2,23.8,102.5,80.5,DATOS SINTÉTICOS DE PRUEBA
Barbacoas,Nariño,1.6717,-78.1398,47,2025,2,24.0,106.4,83.8,DATOS SINTÉTICOS DE PRUEBA
Barbacoas,Nariño,1.6717,-78.1398,48,2025,2,24.2,104.5,84.6,DATOS SINTÉTICOS DE PRUEBA
Barbacoas,Nariño,1.6717,-78.1398,49,2025,3,24.4,113.3,89.2,DATOS SINTÉTICOS DE PRUEBA
Barbacoas,Nariño,1.6717,-78.1398,50,2025,1,24.6,113.0,82.4,DATOS SINTÉTICOS DE PRUEBA
Barbacoas,Nariño,1.6717,-78.1398,51,2025,0,24.8,109.9,93.6,DATOS SINTÉTICOS DE PRUEBA
Barbacoas,Nariño,1.6717,-78.1398,52,2025,2,25.0,113.1,81.7,DATOS SINTÉTICOS DE PRUEBA
Guaitarilla,Nariño,1.131,-77.548,1,2023,0,14.2,131.2,88.6,DATOS SINTÉTICOS DE PRUEBA
Guaitarilla,Nariño,1.131,-77.548,2,2023,0,14.4,162.4,89.0,DATOS SINTÉTICOS DE PRUEBA
Guaitarilla,Nariño,1.131,-77.548,3,2023,3,14.6,168.3,83.1,DATOS SINTÉTICOS DE PRUEBA
Guaitarilla,Nariño,1.131,-77.548,4,2023,0,14.8,166.8,80.4,DATOS SINTÉTICOS DE PRUEBA
Guaitarilla,Nariño,1.131,-77.548,5,2023,0,15.0,139.9,82.9,DATOS SINTÉTICOS DE PRUEBA
Guaitarilla,Nariño,1.131,-77.548,6,2023,3,15.2,136.1,88.8,DATOS SINTÉTICOS DE PRUEBA
Guaitarilla,Nariño,1.131,-77.548,7,2023,0,15.3,167.4,69.8,DATOS SINTÉTICOS DE PRUEBA
Guaitarilla,Nariño,1.131,-77.548,8,2023,1,15.5,155.2,76.5,DATOS SINTÉTICOS DE PRUEBA
Guaitarilla,Nariño,1.131,-77.548,9,2023,1,15.6,150.4,75.9,DATOS SINTÉTICOS DE PRUEBA
Guaitarilla,Nariño,1.131,-77.548,10,2023,0,15.7,167.4,87.3,DATOS SINTÉTICOS DE PRUEBA
Guaitarilla,Nariño,1.131,-77.548,11,2023,2,15.7,140.5,84.6,DATOS SINTÉTICOS DE PRUEBA
Guaitarilla,Nariño,1.131,-77.548,12,2023,1,15.8,135.8,84.3,DATOS SINTÉTICOS DE PRUEBA
Guaitarilla,Nariño,1.131,-77.548,13,2023,2,15.8,163.7,77.3,DATOS SINTÉTICOS DE PRUEBA
Guaitarilla,Nariño,1.131,-77.548,14,2023,2,15.8,166.4,81.1,DATOS SINTÉTICOS DE PRUEBA
Guaitarilla,Nariño,1.131,-77.548,15,2023,1,15.7,158.8,80.1,DATOS SINTÉTICOS DE PRUEBA
Guaitarilla,Nariño,1.131,-77.548,16,2023,2,15.7,131.4,83.4,DATOS SINTÉTICOS DE PRUEBA
Guaitarilla,Nariño,1.131,-77.548,17,2023,0,15.6,131.7,79.7,DATOS SINTÉTICOS DE PRUEBA
Guaitarilla,Nariño,1.131,-77.548,18,2023,1,15.5,125.0,78.8,DATOS SINTÉTICOS DE PRUEBA
Guaitarilla,Nariño,1.131,-77.548,19,2023,1,15.3,108.0,79.4,DATOS SINTÉTICOS DE PRUEBA
Guaitarilla,Nariño,1.131,-77.548,20,2023,3,15.2,110.4,83.6,DATOS SINTÉTICOS DE PRUEBA
Guaitarilla,Nariño,1.131,-77.548,21,2023,0,15.0,91.4,80.7,DATOS SINTÉTICOS DE PRUEBA
Guaitarilla,Nariño,1.131,-77.548,22,2023,0,14.8,120.2,82.3,DATOS SINTÉTICOS DE PRUEBA
Guaitarilla,Nariño,1.131,-77.548,23,2023,3,14.6,89.2,86.9,DATOS SINTÉTICOS DE PRUEBA
Guaitarilla,Nariño,1.131,-77.548,24,2023,0,14.4,59.8,83.2,DATOS SINTÉTICOS DE PRUEBA
Guaitarilla,Nariño,1.131,-77.548,25,2023,1,14.2,110.6,85.9,DATOS SINTÉTICOS DE PRUEBA
Guaitarilla,Nariño,1.131,-77.548,26,2023,4,14.0,72.4,79.2,DATOS SINTÉTICOS DE PRUEBA
Guaitarilla,Nariño,1.131,-77.548,27,2023,0,13.8,67.6,81.8,DATOS SINTÉTICOS DE PRUEBA
Guaitarilla,Nariño,1.131,-77.548,28,2023,0,13.6,81.3,87.3,DATOS SINTÉTICOS DE PRUEBA
Guaitarilla,Nariño,1.131,-77.548,29,2023,0,13.4,47.6,81.6,DATOS SINTÉTICOS DE PRUEBA
Guaitarilla,Nariño,1.131,-77.548,30,2023,1,13.2,45.1,81.1,DATOS SINTÉTICOS DE PRUEBA
Guaitarilla,Nariño,1.131,-77.548,31,2023,1,13.0,45.5,87.0,DATOS SINTÉTICOS DE PRUEBA
Guaitarilla,Nariño,1.131,-77.548,32,2023,2,12.8,52.8,92.1,DATOS SINTÉTICOS DE PRUEBA
Guaitarilla,Nariño,1.131,-77.548,33,2023,2,12.7,21.0,80.4,DATOS SINTÉTICOS DE PRUEBA
Guaitarilla,Nariño,1.131,-77.548,34,2023,3,12.5,44.7,83.0,DATOS SINTÉTICOS DE PRUEBA
Guaitarilla,Nariño,1.131,-77.548,35,2023,2,12.4,46.3,90.8,DATOS SINTÉTICOS DE PRUEBA
Guaitarilla,Nariño,1.131,-77.548,36,2023,2,12.3,30.1,80.9,DATOS SINTÉTICOS DE PRUEBA
Guaitarilla,Nariño,1.131,-77.548,37,2023,1,12.3,59.9,76.7,DATOS SINTÉTICOS DE PRUEBA
Guaitarilla,Nariño,1.131,-77.548,38,2023,0,12.2,43.1,82.5,DATOS SINTÉTICOS DE PRUEBA
Guaitarilla,Nariño,1.131,-77.548,39,2023,3,12.2,55.5,78.9,DATOS SINTÉTICOS DE PRUEBA
Guaitarilla,Nariño,1.131,-77.548,40,2023,2,12.2,43.8,88.8,DATOS SINTÉTICOS DE PRUEBA
Guaitarilla,Nariño,1.131,-77.548,41,2023,2,12.3,53.6,77.7,DATOS SINTÉTICOS DE PRUEBA
Guaitarilla,Nariño,1.131,-77.548,42,2023,1,12.3,62.3,81.5,DATOS SINTÉTICOS DE PRUEBA
Guaitarilla,Nariño,1.131,-77.548,43,2023,3,12.4,58.5,84.8,DATOS SINTÉTICOS DE PRUEBA
Guaitarilla,Nariño,1.131,-77.548,44,2023,2,12.5,51.0,78.4,DATOS SINTÉTICOS DE PRUEBA
Guaitarilla,Nariño,1.131,-77.548,45,2023,0,12.7,52.5,87.6,DATOS SINTÉTICOS DE PRUEBA
Guaitarilla,Nariño,1.131,-77.548,46,2023,0,12.8,81.7,83.3,DATOS SINTÉTICOS DE PRUEBA
Guaitarilla,Nariño,1.131,-77.548,47,2023,0,13.0,141.8,81.4,DATOS SINTÉTICOS DE PRUEBA
Guaitarilla,Nariño,1.131,-77.548,48,2023,0,13.2,105.7,84.3,DATOS SINTÉTICOS DE PRUEBA
Guaitarilla,Nariño,1.131,-77.548,49,2023,2,13.4,76.7,79.7,DATOS SINTÉTICOS DE PRUEBA
Guaitarilla,Nariño,1.131,-77.548,50,2023,0,13.6,116.9,83.3,DATOS SINTÉTICOS DE PRUEBA
Guaitarilla,Nariño,1.131,-77.548,51,2023,0,13.8,120.0,84.2,DATOS SINTÉTICOS DE PRUEBA
Guaitarilla,Nariño,1.131,-77.548,52,2023,1,14.0,81.9,78.3,DATOS SINTÉTICOS DE PRUEBA
Guaitarilla,Nariño,1.131,-77.548,1,2024,3,14.2,126.4,81.9,DATOS SINTÉTICOS DE PRUEBA
Guaitarilla,Nariño,1.131,-77.548,2,2024,1,14.4,145.1,82.0,DATOS SINTÉTICOS DE PRUEBA
Guaitarilla,Nariño,1.131,-77.548,3,2024,0,14.6,142.0,85.4,DATOS SINTÉTICOS DE PRUEBA
Guaitarilla,Nariño,1.131,-77.548,4,2024,1,14.8,134.6,81.0,DATOS SINTÉTICOS DE PRUEBA
Guaitarilla,Nariño,1.131,-77.548,5,2024,0,15.0,177.9,82.3,DATOS SINTÉTICOS DE PRUEBA
Guaitarilla,Nariño,1.131,-77.548,6,2024,0,15.2,129.0,85.7,DATOS SINTÉTICOS DE PRUEBA
Guaitarilla,Nariño,1.131,-77.548,7,2024,1,15.3,123.4,85.1,DATOS SINTÉTICOS DE PRUEBA
Guaitarilla,Nariño,1.131,-77.548,8,2024,0,15.5,183.6,78.1,DATOS SINTÉTICOS DE PRUEBA
Guaitarilla,Nariño,1.131,-77.548,9,2024,2,15.6,157.4,88.8,DATOS SINTÉTICOS DE PRUEBA
Guaitarilla,Nariño,1.131,-77.548,10,2024,0,15.7,129.5,83.1,DATOS SINTÉTICOS DE PRUEBA
Guaitarilla,Nariño,1.131,-77.548,11,2024,1,15.7,161.8,86.4,DATOS SINTÉTICOS DE PRUEBA
Guaitarilla,Nariño,1.131,-77.548,12,2024,0,15.8,153.5,86.3,DATOS SINTÉTICOS DE PRUEBA
Guaitarilla,Nariño,1.131,-77.548,13,2024,0,15.8,187.1,80.8,DATOS SINTÉTICOS DE PRUEBA
Guaitarilla,Nariño,1.131,-77.548,14,2024,2,15.8,111.1,77.3,DATOS SINTÉTICOS DE PRUEBA
Guaitarilla,Nariño,1.131,-77.548,15,2024,3,15.7,128.9,87.7,DATOS SINTÉTICOS DE PRUEBA
Guaitarilla,Nariño,1.131,-77.548,16,2024,0,15.7,148.2,82.3,DATOS SINTÉTICOS DE PRUEBA
Guaitarilla,Nariño,1.131,-77.548,17,2024,1,15.6,124.6,80.9,DATOS SINTÉTICOS DE PRUEBA
Guaitarilla,Nariño,1.131,-77.548,18,2024,0,15.5,124.5,83.3,DATOS SINTÉTICOS DE PRUEBA
Guaitarilla,Nariño,1.131,-77.548,19,2024,0,15.3,107.4,79.5,DATOS SINTÉTICOS DE PRUEBA
Guaitarilla,Nariño,1.131,-77.548,20,2024,5,15.2,108.7,73.1,DATOS SINTÉTICOS DE PRUEBA
Guaitarilla,Nariño,1.131,-77.548,21,2024,2,15.0,126.7,86.1,DATOS SINTÉTICOS DE PRUEBA
Guaitarilla,Nariño,1.131,-77.548,22,2024,2,14.8,133.4,85.8,DATOS SINTÉTICOS DE PRUEBA
Guaitarilla,Nariño,1.131,-77.548,23,2024,1,14.6,81.6,84.7,DATOS SINTÉTICOS DE PRUEBA
Guaitarilla,Nariño,1.131,-77.548,24,2024,2,14.4,62.5,77.0,DATOS SINTÉTICOS DE PRUEBA
Guaitarilla,Nariño,1.131,-77.548,25,2024,2,14.2,82.9,85.4,DATOS SINTÉTICOS DE PRUEBA
Guaitarilla,Nariño,1.131,-77.548,26,2024,1,14.0,94.2,79.9,DATOS SINTÉTICOS DE PRUEBA
Guaitarilla,Nariño,1.131,-77.548,27,2024,1,13.8,64.1,80.6,DATOS SINTÉTICOS DE PRUEBA
Guaitarilla,Nariño,1.131,-77.548,28,2024,0,13.6,63.9,81.9,DATOS SINTÉTICOS DE PRUEBA
Guaitarilla,Nariño,1.131,-77.548,29,2024,1,13.4,47.0,76.9,DATOS SINTÉTICOS DE PRUEBA
Guaitarilla,Nariño,1.131,-77.548,30,2024,1,13.2,41.2,79.4,DATOS SINTÉTICOS DE PRUEBA
Guaitarilla,Nariño,1.131,-77.548,31,2024,4,13.0,53.8,84.2,DATOS SINTÉTICOS DE PRUEBA
Guaitarilla,Nariño,1.131,-77.548,32,2024,0,12.8,26.9,78.6,DATOS SINTÉTICOS DE PRUEBA
Guaitarilla,Nariño,1.131,-77.548,33,2024,1,12.7,17.8,80.7,DATOS SINTÉTICOS DE PRUEBA
Guaitarilla,Nariño,1.131,-77.548,34,2024,1,12.5,82.7,78.0,DATOS SINTÉTICOS DE PRUEBA
Guaitarilla,Nariño,1.131,-77.548,35,2024,3,12.4,57.1,84.8,DATOS SINTÉTICOS DE PRUEBA
Guaitarilla,Nariño,1.131,-77.548,36,2024,3,12.3,62.9,79.5,DATOS SINTÉTICOS DE PRUEBA
Guaitarilla,Nariño,1.131,-77.548,37,2024,2,12.3,71.5,80.2,DATOS SINTÉTICOS DE PRUEBA
Guaitarilla,Nariño,1.131,-77.548,38,2024,0,12.2,38.8,87.4,DATOS SINTÉTICOS DE PRUEBA
Guaitarilla,Nariño,1.131,-77.548,39,2024,0,12.2,30.5,84.6,DATOS SINTÉTICOS DE PRUEBA
Guaitarilla,Nariño,1.131,-77.548,40,2024,0,12.2,46.8,81.2,DATOS SINTÉTICOS DE PRUEBA
Guaitarilla,Nariño,1.131,-77.548,41,2024,4,12.3,46.2,84.4,DATOS SINTÉTICOS DE PRUEBA
Guaitarilla,Nariño,1.131,-77.548,42,2024,0,12.3,31.2,78.2,DATOS SINTÉTICOS DE PRUEBA
Guaitarilla,Nariño,1.131,-77.548,43,2024,2,12.4,68.0,85.3,DATOS SINTÉTICOS DE PRUEBA
Guaitarilla,Nariño,1.131,-77.548,44,2024,3,12.5,59.3,82.0,DATOS SINTÉTICOS DE PRUEBA
Guaitarilla,Nariño,1.131,-77.548,45,2024,0,12.7,59.5,83.7,DATOS SINTÉTICOS DE PRUEBA
Guaitarilla,Nariño,1.131,-77.548,46,2024,2,12.8,59.4,82.7,DATOS SINTÉTICOS DE PRUEBA
Guaitarilla,Nariño,1.131,-77.548,47,2024,0,13.0,107.5,83.7,DATOS SINTÉTICOS DE PRUEBA
Guaitarilla,Nariño,1.131,-77.548,48,2024,2,13.2,124.4,80.9,DATOS SINTÉTICOS DE PRUEBA
Guaitarilla,Nariño,1.131,-77.548,49,2024,2,13.4,85.7,80.1,DATOS SINTÉTICOS DE PRUEBA
Guaitarilla,Nariño,1.131,-77.548,50,2024,2,13.6,111.4,81.7,DATOS SINTÉTICOS DE PRUEBA
Guaitarilla,Nariño,1.131,-77.548,51,2024,2,13.8,108.4,86.3,DATOS SINTÉTICOS DE PRUEBA
Guaitarilla,Nariño,1.131,-77.548,52,2024,2,14.0,92.6,75.4,DATOS SINTÉTICOS DE PRUEBA
Guaitarilla,Nariño,1.131,-77.548,1,2025,1,14.2,121.0,88.4,DATOS SINTÉTICOS DE PRUEBA
Guaitarilla,Nariño,1.131,-77.548,2,2025,0,14.4,126.8,80.3,DATOS SINTÉTICOS DE PRUEBA
Guaitarilla,Nariño,1.131,-77.548,3,2025,0,14.6,121.2,80.0,DATOS SINTÉTICOS DE PRUEBA
Guaitarilla,Nariño,1.131,-77.548,4,2025,1,14.8,126.2,85.2,DATOS SINTÉTICOS DE PRUEBA
Guaitarilla,Nariño,1.131,-77.548,5,2025,1,15.0,136.9,79.5,DATOS SINTÉTICOS DE PRUEBA
Guaitarilla,Nariño,1.131,-77.548,6,2025,3,15.2,156.8,79.3,DATOS SINTÉTICOS DE PRUEBA
Guaitarilla,Nariño,1.131,-77.548,7,2025,1,15.3,170.4,75.7,DATOS SINTÉTICOS DE PRUEBA
Guaitarilla,Nariño,1.131,-77.548,8,2025,0,15.5,159.2,76.0,DATOS SINTÉTICOS DE PRUEBA
Guaitarilla,Nariño,1.131,-77.548,9,2025,2,15.6,153.5,82.9,DATOS SINTÉTICOS DE PRUEBA
Guaitarilla,Nariño,1.131,-77.548,10,2025,1,15.7,147.0,75.5,DATOS SINTÉTICOS DE PRUEBA
Guaitarilla,Nariño,1.131,-77.548,11,2025,1,15.7,159.8,77.8,DATOS SINTÉTICOS DE PRUEBA
Guaitarilla,Nariño,1.131,-77.548,12,2025,0,15.8,161.0,78.4,DATOS SINTÉTICOS DE PRUEBA
Guaitarilla,Nariño,1.131,-77.548,13,2025,1,15.8,119.7,80.0,DATOS SINTÉTICOS DE PRUEBA
Guaitarilla,Nariño,1.131,-77.548,14,2025,2,15.8,127.7,79.4,DATOS SINTÉTICOS DE PRUEBA
Guaitarilla,Nariño,1.131,-77.548,15,2025,1,15.7,124.5,82.1,DATOS SINTÉTICOS DE PRUEBA
Guaitarilla,Nariño,1.131,-77.548,16,2025,0,15.7,129.8,82.0,DATOS SINTÉTICOS DE PRUEBA
Guaitarilla,Nariño,1.131,-77.548,17,2025,0,15.6,139.7,76.8,DATOS SINTÉTICOS DE PRUEBA
Guaitarilla,Nariño,1.131,-77.548,18,2025,0,15.5,153.2,89.8,DATOS SINTÉTICOS DE PRUEBA
Guaitarilla,Nariño,1.131,-77.548,19,2025,1,15.3,134.6,89.6,DATOS SINTÉTICOS DE PRUEBA
Guaitarilla,Nariño,1.131,-77.548,20,2025,0,15.2,115.3,84.2,DATOS SINTÉTICOS DE PRUEBA
Guaitarilla,Nariño,1.131,-77.548,21,2025,1,15.0,129.5,88.2,DATOS SINTÉTICOS DE PRUEBA
Guaitarilla,Nariño,1.131,-77.548,22,2025,1,14.8,78.4,77.0,DATOS SINTÉTICOS DE PRUEBA
Guaitarilla,Nariño,1.131,-77.548,23,2025,0,14.6,106.9,78.4,DATOS SINTÉTICOS DE PRUEBA
Guaitarilla,Nariño,1.131,-77.548,24,2025,3,14.4,115.6,80.1,DATOS SINTÉTICOS DE PRUEBA
Guaitarilla,Nariño,1.131,-77.548,25,2025,3,14.2,74.8,77.7,DATOS SINTÉTICOS DE PRUEBA
Guaitarilla,Nariño,1.131,-77.548,26,2025,0,14.0,76.0,76.5,DATOS SINTÉTICOS DE PRUEBA
Guaitarilla,Nariño,1.131,-77.548,27,2025,2,13.8,87.1,80.5,DATOS SINTÉTICOS DE PRUEBA
Guaitarilla,Nariño,1.131,-77.548,28,2025,1,13.6,58.6,84.4,DATOS SINTÉTICOS DE PRUEBA
Guaitarilla,Nariño,1.131,-77.548,29,2025,1,13.4,64.0,77.6,DATOS SINTÉTICOS DE PRUEBA
Guaitarilla,Nariño,1.131,-77.548,30,2025,3,13.2,73.1,77.3,DATOS SINTÉTICOS DE PRUEBA
Guaitarilla,Nariño,1.131,-77.548,31,2025,3,13.0,49.7,73.8,DATOS SINTÉTICOS DE PRUEBA
Guaitarilla,Nariño,1.131,-77.548,32,2025,3,12.8,52.7,86.4,DATOS SINTÉTICOS DE PRUEBA
Guaitarilla,Nariño,1.131,-77.548,33,2025,3,12.7,46.4,76.4,DATOS SINTÉTICOS DE PRUEBA
Guaitarilla,Nariño,1.131,-77.548,34,2025,3,12.5,33.1,80.0,DATOS SINTÉTICOS DE PRUEBA
Guaitarilla,Nariño,1.131,-77.548,35,2025,0,12.4,65.9,79.7,DATOS SINTÉTICOS DE PRUEBA
Guaitarilla,Nariño,1.131,-77.548,36,2025,4,12.3,59.5,87.2,DATOS SINTÉTICOS DE PRUEBA
Guaitarilla,Nariño,1.131,-77.548,37,2025,1,12.3,50.5,87.3,DATOS SINTÉTICOS DE PRUEBA
Guaitarilla,Nariño,1.131,-77.548,38,2025,0,12.2,40.3,79.5,DATOS SINTÉTICOS DE PRUEBA
Guaitarilla,Nariño,1.131,-77.548,39,2025,3,12.2,22.4,84.6,DATOS SINTÉTICOS DE PRUEBA
Guaitarilla,Nariño,1.131,-77.548,40,2025,1,12.2,38.9,78.9,DATOS SINTÉTICOS DE PRUEBA
Guaitarilla,Nariño,1.131,-77.548,41,2025,2,12.3,49.6,82.1,DATOS SINTÉTICOS DE PRUEBA
Guaitarilla,Nariño,1.131,-77.548,42,2025,3,12.3,49.6,80.6,DATOS SINTÉTICOS DE PRUEBA
Guaitarilla,Nariño,1.131,-77.548,43,2025,0,12.4,69.6,87.4,DATOS SINTÉTICOS DE PRUEBA
Guaitarilla,Nariño,1.131,-77.548,44,2025,4,12.5,75.5,81.5,DATOS SINTÉTICOS DE PRUEBA
Guaitarilla,Nariño,1.131,-77.548,45,2025,0,12.7,55.0,84.6,DATOS SINTÉTICOS DE PRUEBA
Guaitarilla,Nariño,1.131,-77.548,46,2025,2,12.8,81.9,81.8,DATOS SINTÉTICOS DE PRUEBA
Guaitarilla,Nariño,1.131,-77.548,47,2025,3,13.0,99.8,81.5,DATOS SINTÉTICOS DE PRUEBA
Guaitarilla,Nariño,1.131,-77.548,48,2025,1,13.2,100.4,82.6,DATOS SINTÉTICOS DE PRUEBA
Guaitarilla,Nariño,1.131,-77.548,49,2025,0,13.4,125.2,84.6,DATOS SINTÉTICOS DE PRUEBA
Guaitarilla,Nariño,1.131,-77.548,50,2025,1,13.6,78.3,86.7,DATOS SINTÉTICOS DE PRUEBA
Guaitarilla,Nariño,1.131,-77.548,51,2025,1,13.8,137.5,86.2,DATOS SINTÉTICOS DE PRUEBA
Guaitarilla,Nariño,1.131,-77.548,52,2025,2,14.0,131.5,82.4,DATOS SINTÉTICOS DE PRUEBA
